app_id,title,date_release,win,mac,linux,rating,positive_ratio,user_reviews,price_final,price_original,discount,steam_deck
376200,100% Orange Juice - Krila & Kae Character Pack,2015-06-12,True,False,False,Very Positive,98,78,2.99,2.99,0.0,True
1100260,Circle Empires Rivals,2020-04-15,True,False,False,Very Positive,90,1164,14.99,14.99,0.0,True
920200,Artificial Mansion,2019-04-24,True,True,True,Positive,96,25,1.49,4.99,70.0,True
1368571,The Sims‚Ñ¢ 4 Paranormal Stuff Pack,2021-01-26,True,False,False,Mostly Positive,72,72,9.99,9.99,0.0,True
1098940,Home Sweet Home EP2,2019-09-24,True,False,False,Mostly Positive,75,777,18.99,18.99,0.0,True
552651,Army Gals - The Poker Game,2017-09-01,True,True,True,Mostly Negative,38,13,4.99,4.99,0.0,True
1551520,Kamikaze Kommittee Ouka 2,2022-02-04,True,False,False,Mostly Positive,74,98,11.99,14.99,20.0,True
1024780,Capture the planet: Cute War,2019-02-20,True,False,False,Positive,80,10,0.49,4.99,90.0,True
1130880,Absolute Territory,2020-08-31,True,False,False,Positive,82,17,9.99,9.99,0.0,True
971040,Pipeline VR,2021-12-13,True,False,False,Positive,90,11,10.99,10.99,0.0,True
1297430,Deadly Dozen Reloaded,2022-04-29,True,False,False,Mixed,62,27,12.99,12.99,0.0,True
585840,Leaving Lyndow,2017-02-08,True,False,False,Very Positive,80,947,0.99,3.99,75.0,True
2272500,Hunt: Showdown - Commedia Della Morte,2023-02-21,True,False,False,Mixed,62,134,9.99,9.99,0.0,True
452420,Koihime Enbu ÊÅãÂß´‚Ä†ÊºîÊ≠¶,2016-05-19,True,False,False,Very Positive,84,242,4.99,4.99,0.0,True
1659950,Paper Enchantress,2021-12-21,True,False,False,Mostly Positive,77,18,0.0,0.0,0.0,True
673880,Warhammer 40000: Mechanicus,2018-11-15,True,True,True,Very Positive,92,8735,29.99,29.99,0.0,True
235520,The White Laboratory,2019-03-28,True,False,False,Mostly Positive,72,228,9.99,9.99,0.0,True
1225580,Fe,2020-06-04,True,False,False,Very Positive,85,285,19.99,19.99,0.0,True
1022450,War Selection,2019-10-08,True,False,True,Very Positive,86,16804,0.0,0.0,0.0,True
285130,Battleplan: American Civil War,2014-07-04,True,False,False,Mixed,60,70,9.99,9.99,0.0,True
1314300,Flying Hero VR,2020-11-06,True,False,False,Very Positive,83,73,9.99,9.99,0.0,True
853320,KURT - DER FUSSBALLMANAGER,2020-03-06,True,False,False,Mostly Positive,70,20,11.99,11.99,0.0,True
1205970,MX vs ATV Legends,2022-06-28,True,False,False,Mixed,65,778,39.99,39.99,0.0,True
1595310,Barbarian Legend,2021-06-30,True,False,False,Mostly Negative,39,33,14.99,14.99,0.0,True
423366,Sport Float Pack,2016-05-27,True,True,True,Positive,86,22,4.99,4.99,0.0,True
625780,Magic Wand,2017-06-25,True,True,True,Positive,93,47,3.99,3.99,0.0,True
1130750,Night of Full Moon - Magic Curtain,2019-08-01,True,False,False,Mostly Positive,70,10,1.99,1.99,0.0,True
1354540,Arcaxer,2021-02-25,True,False,False,Positive,87,16,24.99,24.99,0.0,True
200610,Renegade Ops - Coldstrike Campaign,2011-12-19,True,False,False,Positive,90,21,4.99,4.99,0.0,True
1102260,RANK RUNNER,2019-08-02,True,False,False,Mostly Positive,70,10,0.99,0.99,0.0,True
1899430,VEREDA - Mystery Escape Room Adventure,2022-02-26,True,True,True,Positive,80,25,7.99,7.99,0.0,True
1492980,Shut your teeth,2021-07-20,True,False,False,Positive,91,45,0.0,0.0,0.0,True
1082790,Êé¢ÁÅµÁ¨îËÆ∞-Âè§Â¢ìÂú∞ÂÆ´Á≥ªÂàóÔºö‰ªªÈÅìÊòé-‰∏ÄÁúâÈÅìÈïøÔºàÈôÑÈÄÅ29999ÁÅµÂ∏ÅÔºâ,2019-06-20,True,False,False,Positive,83,12,6.99,6.99,0.0,True
1024460,Destructive Physics - Destruction Simulator,2021-08-20,True,True,True,Very Positive,81,90,19.99,19.99,0.0,True
1846820,Age of Empires IV Content Editor,2022-04-07,True,False,False,Mostly Negative,25,82,0.0,0.0,0.0,True
1036950,Super Jigsaw Puzzle: Generations,2019-04-04,True,False,False,Overwhelmingly Positive,95,747,0.0,0.0,0.0,True
1443063,Forza Horizon 4: 1959 Porsche 356A Coupe,2021-03-09,True,False,False,Positive,81,11,2.99,2.99,0.0,True
517330,Stellar Interface,2016-11-21,True,True,True,Very Positive,83,161,12.99,12.99,0.0,True
457570,Camp Sunshine,2016-10-27,True,True,False,Very Positive,91,220,6.99,6.99,0.0,True
304580,CITYCONOMY: Service for your City,2015-12-02,True,False,False,Mixed,46,227,24.99,24.99,0.0,True
307580,Technobabylon,2015-05-01,True,True,True,Overwhelmingly Positive,95,909,14.99,14.99,0.0,True
408520,FORM,2017-06-01,True,False,False,Very Positive,91,934,14.99,14.99,0.0,True
915020,THE E BALL,2018-08-31,True,False,False,Positive,91,12,0.99,0.99,0.0,True
1745790,City Zoomer,2021-11-12,True,True,True,Very Positive,96,108,4.99,4.99,0.0,True
646310,ProjectM : Daydream,2017-09-04,True,False,False,Mixed,69,84,4.99,4.99,0.0,True
766570,Russian Fishing 4,2021-11-10,True,False,False,Mostly Positive,75,33725,0.0,0.0,0.0,True
958300,Cute Girls ÂèØÁà±ÁöÑÂ•≥Â≠©,2018-10-21,True,False,False,Mixed,58,17,3.99,3.99,0.0,True
559430,Motorsport Manager - GT Series,2017-02-23,True,True,True,Positive,82,41,7.99,7.99,0.0,True
1840920,SEARCH ALL - FOXES,2021-12-20,True,False,False,Very Positive,98,60,2.99,2.99,0.0,True
228200,Company of Heroes,2009-10-13,True,False,False,Very Positive,94,9059,19.99,19.99,0.0,True
1784600,Kingdom of Dinza,2021-12-22,True,False,False,Positive,90,11,7.99,7.99,0.0,True
1585900,Dorfromantik Soundtrack Vol.1,2021-03-26,False,False,False,Positive,100,10,5.99,5.99,0.0,True
698450,Midnight Quest,2018-05-17,True,False,False,Positive,86,38,3.99,3.99,0.0,True
798290,MXGP PRO,2018-06-29,True,False,False,Very Positive,83,647,24.99,24.99,0.0,True
2391310,Lies of Astaroth,2023-05-11,True,False,False,Very Positive,97,256,0.0,0.0,0.0,True
2072140,Epic Astro Story,2022-10-10,True,False,False,Positive,100,10,8.99,8.99,0.0,True
408100,Dinosaur Hunt - Stegosaurus Expansion Pack,2015-11-13,True,True,True,Mostly Positive,70,30,0.99,0.99,0.0,True
610070,Rain World - Soundtrack,2017-03-27,False,False,False,Positive,80,30,9.99,9.99,0.0,True
253940,Septerra Core,2013-09-27,True,True,True,Very Positive,81,479,4.99,4.99,0.0,True
839960,The Technician,2018-12-10,True,False,False,Positive,90,22,14.99,14.99,0.0,True
1412240,Lombardi's World,2020-12-07,True,True,False,Very Positive,89,67,4.99,4.99,0.0,True
1197651,Barotrauma - Soundtrack,2019-11-21,False,False,False,Very Positive,100,60,0.0,0.0,0.0,True
1682520,Art of Fury: Virtual Gallery,2021-07-26,True,True,True,Positive,80,26,0.0,0.0,0.0,True
1194810,Meet Your Maker,2023-04-04,True,False,False,Mostly Positive,74,2328,29.99,29.99,0.0,True
404850,DARTHY,2016-02-16,True,False,False,Positive,85,14,0.99,0.99,0.0,True
294230,Millie,2014-04-18,True,True,True,Very Positive,82,430,3.99,3.99,0.0,True
1731080,Resident Evil Village - Winters‚Äô Expansion,2022-10-27,True,False,False,Mixed,68,1752,19.99,19.99,0.0,True
57696,Tropico 4: Junta Military DLC,2011-11-03,True,False,False,Mostly Positive,79,24,2.99,2.99,0.0,True
1276540,Persian Nights 2: The Moonlight Veil,2020-06-10,True,True,True,Positive,85,47,14.99,14.99,0.0,True
321150,Melissa K. and the Heart of Gold Collector's Edition,2014-09-19,True,True,False,Mixed,65,189,9.99,9.99,0.0,True
1121300,Mizuchi ÁôΩËõáÂøÉÂÇ≥,2020-04-17,True,True,True,Very Positive,98,51,14.99,14.99,0.0,True
941000,Witches' Legacy: Lair of the Witch Queen Collector's Edition,2018-10-19,True,False,False,Positive,100,10,9.99,9.99,0.0,True
603330,Blasted Road Terror,2018-04-18,True,False,False,Very Positive,84,71,8.99,8.99,0.0,True
1904820,Prison Life,2022-09-23,True,False,False,Very Positive,81,1711,0.0,0.0,0.0,True
268101,Call of Duty¬Æ: Ghosts - Wolf Skin,2014-01-14,True,False,False,Positive,90,21,1.99,1.99,0.0,True
509420,Riding Club Championships,2016-09-27,True,True,False,Mostly Positive,75,628,0.0,0.0,0.0,True
856760,Gachi Gang,2018-05-27,True,False,False,Mixed,61,13,0.99,0.99,0.0,True
715660,Follower:Sacrifice,2020-02-27,True,False,False,Mostly Positive,72,33,7.99,7.99,0.0,True
615330,Happy Penguin VR,2017-03-29,True,False,False,Positive,91,24,0.99,0.99,0.0,True
716710,Êù±ÊñπÊÜë‰æùËèØ„ÄÄÔΩû Antinomy of Common Flowers.,2018-01-05,True,False,False,Very Positive,90,1662,24.99,24.99,0.0,True
1203043,ONE PIECE: PIRATE WARRIORS 4 Month 1 Bundle,2020-03-26,True,False,False,Positive,85,14,2.99,2.99,0.0,True
583470,The End Is Nigh,2017-07-12,True,True,True,Very Positive,93,2491,14.99,14.99,0.0,True
708710,Defend Your Castle,2017-10-18,True,False,False,Mixed,56,37,4.99,4.99,0.0,True
28010,Kane & Lynch 2: The Doggie Bag,2010-08-31,True,False,False,Positive,81,32,5.99,5.99,0.0,True
1908850,Quick Words,2022-03-23,True,False,False,Positive,100,12,4.99,4.99,0.0,True
2205290,ÊµÅÂÖâÊòìÈÄùÁöÑÂ§èÊú´ - Fleeting Summer's End,2023-01-06,True,False,False,Very Positive,100,142,2.69,2.99,10.0,True
1715970,ZEE.END,2021-09-14,True,False,False,Mostly Negative,34,29,13.99,13.99,0.0,True
1295860,Rip Them Off,2020-09-24,True,True,True,Mixed,40,10,8.99,8.99,0.0,True
1546920,Overboard!,2021-06-02,True,True,False,Very Positive,92,332,14.99,14.99,0.0,True
497880,Doodle WHAT?!,2016-08-02,True,False,False,Mixed,40,10,9.99,9.99,0.0,True
1550280,Jamie's Toy Box,2023-04-10,True,False,False,Mostly Positive,78,23,0.0,0.0,0.0,True
526160,The Wild Eight,2019-10-03,True,False,False,Mostly Positive,71,5861,3.74,24.99,85.0,True
472680,Elisa: The Innkeeper - Prequel,2016-06-14,True,False,False,Mostly Positive,77,734,0.0,0.0,0.0,True
1920650,Contrablade: Stadium Rush,2022-03-30,True,False,False,Mostly Positive,72,29,2.99,2.99,0.0,True
2363741,Battlefield‚Ñ¢ 2042 Welcome Pack ‚Äì Season 5,2023-06-07,True,False,False,Positive,81,37,4.99,4.99,0.0,True
332880,DSY: Don't Shoot Yourself,2015-04-10,True,True,False,Mostly Positive,73,26,4.99,4.99,0.0,True
1041460,Bloodstained: Ritual of the Night - 'Iga's Back Pack' DLC,2019-06-18,True,False,False,Very Positive,87,162,9.99,9.99,0.0,True
2374930,Boundary - Roar of the Tiger Bundle Founders Pack,2023-04-13,True,False,False,Very Positive,96,51,0.0,0.0,0.0,True
2299920,CARTOONITE,2023-03-03,True,False,False,Positive,90,10,4.99,4.99,0.0,True
1668530,The Legend of Nayuta: Boundless Trails,2021-12-10,True,False,False,Positive,94,18,39.99,39.99,0.0,True
372960,Robbery Bob: Man of Steal,2015-10-21,True,False,False,Very Positive,97,89,7.99,7.99,0.0,True
1269640,Beacon Pines,2022-09-22,True,False,False,Overwhelmingly Positive,98,1140,13.99,19.99,30.0,True
225600,Blade Symphony,2014-05-07,True,True,True,Mixed,65,4738,0.0,0.0,0.0,True
1656971,Hell Let Loose ‚Äì Upper Echelon,2022-07-19,True,False,False,Very Positive,91,69,4.99,4.99,0.0,True
1427591,RPG Maker MV - MV Trinity Resource Pack,2020-10-01,True,True,True,Positive,100,10,20.99,34.99,40.0,True
837930,Alone,2018-05-01,True,False,False,Mostly Positive,77,22,0.99,0.99,0.0,True
947300,Grim Nights,2018-10-12,True,False,False,Very Positive,88,1246,2.99,2.99,0.0,True
1937500,Let's School,2023-07-26,True,False,False,Very Positive,91,2606,20.0,0.0,0.0,True
1060310,Great Toilet Simulator,2019-08-23,True,False,False,Mostly Positive,76,284,0.99,0.99,0.0,True
1443330,Speedy Golf,2021-05-05,True,False,False,Positive,93,15,14.99,14.99,0.0,True
1528050,Underland,2021-02-05,True,False,False,Very Positive,91,96,1.99,1.99,0.0,True
39660,The Guild II - Pirates of the European Seas,2010-06-24,True,False,False,Mostly Positive,71,189,9.99,9.99,0.0,True
976570,CODE SHIFTER,2020-01-29,True,False,False,Mostly Negative,39,43,14.99,14.99,0.0,True
1292250,Blackjack Hands,2020-05-13,True,True,False,Positive,93,16,0.99,0.99,0.0,True
2250690,Sky Strikers VR,2023-03-05,True,False,False,Positive,100,15,0.0,0.0,0.0,True
1070790,Freshly Frosted,2022-06-10,True,True,False,Very Positive,98,186,9.99,9.99,0.0,True
308380,Airship Dragoon,2014-08-26,True,False,False,Mixed,64,17,19.99,19.99,0.0,True
490990,Aiball,2016-06-22,True,False,False,Mixed,50,128,0.99,0.99,0.0,True
1980350,Run Build Pew!,2022-06-06,True,False,False,Mostly Positive,76,412,2.99,2.99,0.0,True
695650,Áåé‰∫∫Áâ©ËØ≠,2017-10-11,True,False,False,Mixed,63,90,2.99,2.99,0.0,True
366849,Call of Duty¬Æ: Black Ops III - The Giant Zombies Map,2016-06-02,True,True,False,Very Positive,82,329,5.99,5.99,0.0,True
473610,Shock Tactics,2017-04-11,True,False,False,Mostly Negative,39,89,9.99,9.99,0.0,True
3320,Insaniquarium Deluxe,2006-08-30,True,False,False,Overwhelmingly Positive,96,3868,4.99,4.99,0.0,True
1409690,The Medium Original Soundtrack - Free Tracks,2020-08-31,False,False,False,Positive,93,44,0.0,0.0,0.0,True
1389610,Hell Road VR,2021-10-09,True,False,False,Very Positive,84,50,19.99,19.99,0.0,True
1713290,FleurBirdShoot,2022-03-20,True,False,False,Mixed,60,41,0.0,0.0,0.0,True
269810,Spate,2014-03-27,True,True,True,Mixed,67,183,0.0,0.0,0.0,True
563890,Bus Simulator 16 - Mercedes-Benz Citaro Pack,2017-01-25,True,True,False,Mostly Positive,75,41,6.99,6.99,0.0,True
40940,Borderlands: Mad Moxxi's Underdome Riot,2009-10-26,True,False,False,Mostly Negative,28,499,9.89,29.99,67.0,True
1384940,Egression,2022-10-12,True,False,False,Positive,97,48,19.99,19.99,0.0,True
1402580,No Place for the Dissident,2020-11-12,True,False,True,Mixed,60,20,3.99,3.99,0.0,True
691630,STELLATUM,2015-09-15,True,False,False,Mixed,59,129,7.99,7.99,0.0,True
300320,The Few,2014-06-18,True,True,False,Mixed,58,91,7.99,7.99,0.0,True
1250900,Project Beril / Ë¥ù‰∏ΩÂ∞îÂÖªÊàêËÆ°Âàí,2022-10-28,True,False,False,Positive,90,41,9.99,9.99,0.0,True
1454430,Arc Apellago,2020-11-09,True,False,False,Very Positive,87,339,0.0,0.0,0.0,True
1033880,Press F to pay respects,2019-02-28,True,False,False,Very Positive,88,182,0.99,0.99,0.0,True
661460,Thin Judgment,2017-07-10,True,False,False,Mixed,48,25,0.0,0.0,0.0,True
1289960,Core Awaken ~Jilelen and LittleSnow~,2020-06-19,True,False,False,Positive,100,23,17.99,17.99,0.0,True
1598730,Shanhe,2021-09-02,True,False,False,Mostly Positive,77,456,4.89,6.99,30.0,True
1876350,HEROish,2022-12-16,True,False,False,Positive,96,28,19.99,19.99,0.0,True
266840,Age of Mythology: Extended Edition,2014-05-08,True,False,False,Very Positive,92,26759,30.0,0.0,0.0,True
2320620,The Guard,2023-02-28,True,False,False,Mixed,65,23,0.54,0.99,45.0,True
1861610,Endorphin Vice,2022-02-17,True,False,False,Mostly Positive,72,44,2.49,4.99,50.0,True
370190,Ruzh Delta Z,2015-05-11,True,False,False,Mixed,61,507,0.0,0.0,0.0,True
1401480,Fantasy General II: Evolution,2021-02-25,True,False,False,Mixed,57,14,14.99,14.99,0.0,True
1269840,Glass Masquerade 2: Illusions - Revelations Puzzle Pack,2020-04-07,True,True,False,Very Positive,92,65,1.99,1.99,0.0,True
1734160,Search of Galaxy,2022-01-01,True,False,False,Mixed,66,18,9.99,9.99,0.0,True
555280,M.A.C.E.,2017-03-16,True,False,False,Mixed,60,30,4.99,4.99,0.0,True
1895950,Doki Doki House,2022-12-01,True,False,False,Positive,81,11,12.99,12.99,0.0,True
566430,Ultimus bellum,2017-11-08,True,True,True,Mixed,50,24,9.99,9.99,0.0,True
787980,4D Minesweeper,2018-02-14,True,True,True,Very Positive,90,276,0.0,0.0,0.0,True
1145560,Marble Trap,2019-09-02,True,False,True,Positive,95,45,1.79,2.99,40.0,True
332730,Barbarian Brawl,2015-02-12,True,False,False,Negative,9,11,4.99,4.99,0.0,True
859280,ÊãØÊïëÂ§ßÈ≠îÁéãÈáçÁîü Falsemen: Demon Rebirth,2019-03-22,True,False,False,Mixed,69,59,0.49,4.99,90.0,True
1123610,Indiecalypse,2020-05-29,True,False,False,Mixed,47,17,12.99,12.99,0.0,True
2276930,Chillquarium,2023-09-06,True,True,False,Very Positive,96,163,5.0,0.0,0.0,True
581030,The Last Hope: Trump vs Mafia - North Korea,2017-01-20,True,False,False,Mixed,55,235,3.99,3.99,0.0,True
1046490,Action Entities,2021-08-06,True,False,False,Positive,100,11,19.99,19.99,0.0,True
1412650,Conspiracy!,2021-01-20,True,False,False,Positive,86,15,4.99,4.99,0.0,True
1111270,I Wanna Brother,2019-08-22,True,False,False,Mixed,40,25,0.0,0.0,0.0,True
478000,Qantas VR,2016-11-14,True,False,False,Mixed,57,21,0.0,0.0,0.0,True
619400,Fluffy Creatures VS The World,2017-04-09,True,False,False,Mixed,67,34,0.99,0.99,0.0,True
817680,Real Drift,2018-08-31,True,False,False,Mixed,46,73,0.37,1.99,81.0,True
805940,RUSSIA BATTLEGROUNDS,2018-07-13,True,False,False,Mostly Positive,78,3220,0.99,0.99,0.0,True
1468310,Haven Soundtrack,2020-12-03,False,False,False,Positive,96,30,5.99,9.99,40.0,True
1639890,After School Murder Club!!,2021-06-03,True,False,False,Very Positive,87,71,0.0,0.0,0.0,True
2007030,Platformity,2022-06-20,True,False,False,Positive,100,14,2.99,2.99,0.0,True
1796180,Peculiar Tales of Mid-Lake Pavilion,2021-12-31,True,True,True,Very Positive,94,124,8.99,8.99,0.0,True
1997780,Iron Order 1919,2022-08-24,True,True,False,Mixed,66,136,0.0,0.0,0.0,True
557970,Teria,2017-01-17,True,True,False,Mixed,55,34,0.99,0.99,0.0,True
1715350,UNDETECTED,2022-09-30,True,False,False,Positive,84,38,14.99,14.99,0.0,True
417750,Left Alone,2016-04-28,True,False,False,Mostly Positive,74,551,1.39,6.99,80.0,True
1051130,Trial of the Towers,2019-04-05,True,False,False,Mostly Positive,73,34,0.0,0.0,0.0,True
779990,Space Between Worlds,2018-07-30,True,False,False,Very Positive,95,454,0.0,0.0,0.0,True
1185280,The Innkeeper,2020-04-03,True,False,False,Positive,80,10,2.99,2.99,0.0,True
1373500,Mist of the Undead,2020-09-29,True,False,False,Mixed,44,25,0.0,0.0,0.0,True
939350,Rugby Champions,2019-09-05,True,False,False,Mostly Positive,73,67,16.99,16.99,0.0,True
2431660,Let's School Homeroom,2023-06-20,True,False,False,Very Positive,94,622,0.0,0.0,0.0,True
854810,Simple Sailing,2018-05-11,True,True,True,Mostly Negative,23,17,0.99,0.99,0.0,True
909580,Cortex,2018-11-02,True,False,False,Mixed,53,28,0.28,0.99,71.0,True
1259130,Rover Wars,2020-04-17,True,True,True,Mostly Positive,77,22,6.99,6.99,0.0,True
2074490,MOAR - Appeteaser,2022-07-18,True,False,False,Mostly Positive,72,11,8.49,16.99,50.0,True
1379870,Tribal Hunter,2022-08-21,True,False,False,Overwhelmingly Positive,97,861,14.99,14.99,0.0,True
1098540,Monsters sandbox,2019-12-11,True,False,False,Mixed,68,16,0.99,0.99,0.0,True
1607670,Secret Agent HD,2021-06-30,True,False,True,Very Positive,99,105,7.99,7.99,0.0,True
802890,Muv-Luv Alternative („Éû„Éñ„É©„É¥ „Ç™„É´„Çø„Éç„Ç§„ÉÜ„Ç£„É¥),2018-02-28,True,False,False,Overwhelmingly Positive,95,1892,39.99,39.99,0.0,True
2358210,ÂÖ®ÂüéË≠¶Êàí-‰∏ñÁïåÂ§ßÊàò‰∏ÄËß¶Âç≥ÂèëÔºåË∑™Ê±ÇÊåáÊå•ÂÆòÔºÅ,2023-04-06,True,False,False,Positive,86,15,0.0,0.0,0.0,True
1917740,The Ultimate Shot,2022-03-15,True,False,False,Positive,91,12,99.99,99.99,0.0,True
603230,The Wendigo,2017-03-02,True,False,False,Mostly Positive,75,32,0.0,0.0,0.0,True
371880,Collider,2016-03-01,True,True,True,Positive,80,10,2.99,2.99,0.0,True
252330,Slender: The Arrival,2013-10-28,True,True,False,Very Positive,88,6320,9.99,9.99,0.0,True
1559570,Hellstuck: Rage With Your Friends,2022-05-27,True,True,False,Very Positive,88,70,4.99,4.99,0.0,True
554381,Dead by Daylight - Of Flesh and Mud Chapter,2016-12-08,True,False,False,Mostly Positive,79,1046,6.99,6.99,0.0,True
870272,LEGO¬Æ DC TV Series Super Heroes Character Pack,2018-11-20,True,False,False,Positive,100,16,0.69,1.99,65.0,True
574090,MOTHERGUNSHIP,2018-07-17,True,False,False,Mostly Positive,79,983,24.99,24.99,0.0,True
2271420,Abandoned drive-in | ÂªÉ„Éâ„É©„Ç§„Éñ„Ç§„É≥,2023-01-28,True,False,False,Mixed,50,12,3.99,3.99,0.0,True
690350,Endless Combat,2017-11-12,True,False,False,Mostly Positive,79,69,0.0,0.0,0.0,True
293054,Watch_Dogs‚Ñ¢ - Season Pass,2014-05-26,True,False,False,Mostly Positive,75,94,19.99,19.99,0.0,True
630080,EggTime 2,2018-05-07,True,False,False,Positive,100,11,6.99,6.99,0.0,True
530950,Tower 57,2017-11-16,True,True,False,Mixed,65,427,11.99,11.99,0.0,True
347890,Goro,2015-04-14,True,False,False,Mostly Positive,78,110,1.74,4.99,65.0,True
2211410,RivenWorld: The First Era,2023-04-14,True,False,False,Mixed,64,14,19.99,19.99,0.0,True
551860,Abandon Ship,2019-10-22,True,True,True,Mostly Positive,72,914,24.99,24.99,0.0,True
571730,Ride 2 Free Bikes Pack 4,2017-02-15,True,False,False,Positive,100,19,0.0,0.0,0.0,True
617980,Summer In Trigue,2021-10-18,True,False,True,Mostly Positive,75,16,17.99,17.99,0.0,True
1062400,Generation Zero¬Æ - Tubular Vanity Pack,2019-06-11,True,False,False,Mostly Positive,71,38,0.0,0.0,0.0,True
1124540,Coloring Pixels - Variety Pack,2019-07-26,True,True,True,Positive,100,18,0.99,0.99,0.0,True
1599530,Little adventure,2021-04-23,True,False,False,Mixed,60,28,3.29,10.99,70.0,True
583240,Coffence,2018-10-25,True,False,False,Positive,90,11,4.99,4.99,0.0,True
629820,Maneater,2021-05-25,True,False,False,Very Positive,89,9416,40.0,0.0,0.0,True
2083570,Âú∞‰∏ãÂüéÂÜíÈô©ËÆ∞,2022-08-15,True,False,False,Mostly Negative,31,41,0.0,0.0,0.0,True
1278270,Fire Rescue Simulator,2020-04-16,True,False,False,Mixed,52,23,12.99,12.99,0.0,True
1781140,Sing Together,2022-04-06,True,False,False,Mixed,67,28,0.0,0.0,0.0,True
306541,Medieval II: Total War Kingdoms,2014-07-22,True,True,True,Mostly Positive,71,483,0.0,0.0,0.0,True
215710,Fieldrunners 2,2013-01-10,True,False,False,Very Positive,89,319,9.99,9.99,0.0,True
1625370,CONNECTED!,2021-05-18,True,False,True,Positive,90,20,0.0,0.0,0.0,True
558243,Euro Truck Simulator 2 - Valentine's Paint Jobs Pack,2017-02-10,True,True,True,Very Positive,92,84,1.99,1.99,0.0,True
1818370,My Furry Dragon üêæ,2023-03-25,True,False,False,Positive,91,23,3.99,3.99,0.0,True
2008060,99 Fails Lite,2022-06-15,True,False,False,Very Positive,92,50,0.0,0.0,0.0,True
711810,Never Split the Party,2019-05-03,True,True,True,Mostly Positive,76,4159,0.0,0.0,0.0,True
1988630,‰Ω©Â∞îÈúçÂÆÅ,2022-06-07,True,False,False,Very Positive,90,170,0.0,0.0,0.0,True
632040,VR Sand,2019-02-07,True,False,False,Positive,100,10,4.99,4.99,0.0,True
1167661,Beat Saber - Panic! at the Disco - 'Victorious',2019-10-04,True,False,False,Positive,81,11,1.99,1.99,0.0,True
892420,Êáí‰∫∫‰øÆ‰ªô‰º†,2018-11-14,True,False,False,Mixed,60,1148,3.99,3.99,0.0,True
2386460,Tree It,2023-05-01,True,False,False,Positive,95,22,3.99,3.99,0.0,True
1729290,Faith,2022-11-01,True,False,False,Mostly Positive,75,16,0.0,0.0,0.0,True
1080450,Wayward Strand,2022-09-15,True,False,False,Positive,92,41,19.99,19.99,0.0,True
2160330,Hunt: Showdown ‚Äì Frau Perchta,2022-12-13,True,False,False,Mixed,41,400,14.99,14.99,0.0,True
391170,Void Invaders,2015-08-14,True,False,True,Very Positive,88,247,2.99,2.99,0.0,True
307410,Martial Arts: Capoeira,2014-06-12,True,False,False,Mixed,50,28,2.99,2.99,0.0,True
1013410,REDVIIL,2019-03-12,True,False,False,Mixed,42,52,5.99,5.99,0.0,True
1970740,Magic War,2022-05-25,True,False,False,Positive,100,10,2.49,24.99,90.0,True
348940,Phantom Breaker: Battle Grounds - Original Soundtrack,2015-05-26,True,False,False,Positive,93,16,4.99,4.99,0.0,True
2162020,Strayed Lights,2023-04-25,True,False,False,Mostly Positive,79,113,24.99,24.99,0.0,True
1307530,Infection Maze / ÊÑüÊüì„É°„Ç§„Ç∫,2020-05-27,True,False,False,Positive,84,26,7.99,7.99,0.0,True
1532570,Wordle - Deutsche,2021-02-06,True,True,True,Mixed,50,12,0.28,0.99,71.0,True
248750,Rocksmith¬Æ 2014 - The Smashing Pumpkins  - ‚ÄúCherub Rock‚Äù,2013-10-22,True,True,False,Very Positive,96,322,2.99,2.99,0.0,True
1303870,Mischance,2021-11-23,True,False,False,Mostly Positive,72,11,4.99,4.99,0.0,True
1147660,ArcheAge: Unchained,2019-10-17,True,False,False,Mixed,54,3718,0.0,0.0,0.0,True
2008820,Knight And Mourning,2023-04-11,True,False,False,Positive,100,16,3.19,3.99,20.0,True
648580,428: Shibuya Scramble,2018-09-04,True,False,False,Very Positive,94,1375,9.99,49.99,80.0,True
1789190,OMSI 2 - Add-on Irisbus Familie ‚Äì Low-Entry-Busse,2021-10-25,True,False,False,Positive,94,18,17.99,17.99,0.0,True
395930,Farm Frenzy: Heave Ho,2015-08-26,True,True,False,Very Positive,88,81,4.99,4.99,0.0,True
362380,Push Me Pull You,2016-07-14,True,True,True,Mostly Positive,75,28,14.99,14.99,0.0,True
1711771,Kingdom Heroes 8  Create your own original officer character combinations.,2021-09-14,True,False,False,Very Negative,14,123,1.99,1.99,0.0,True
361330,Shrooms,2015-05-08,True,False,True,Mostly Negative,21,32,14.99,14.99,0.0,True
320430,Ascension: Deckbuilding Game,2014-12-16,True,True,False,Very Positive,87,1078,12.99,12.99,0.0,True
548470,First Impact: Rise of a Hero,2018-06-08,True,False,False,Mostly Negative,35,14,19.99,19.99,0.0,True
652410,Brigand: Oaxaca,2017-07-11,True,False,False,Very Positive,96,280,6.99,6.99,0.0,True
2415540,The Paradixion: Son's Room,2023-05-29,True,False,False,Positive,100,18,1.97,2.99,34.0,True
1956710,Shrine of the Spirits,2023-01-19,True,False,False,Mostly Positive,75,120,0.0,0.0,0.0,True
1018000,Anniversary Collection Arcade Classics,2019-04-18,True,False,False,Mixed,62,221,19.99,19.99,0.0,True
1792710,Doomsday Dispute,2021-11-17,True,False,False,Mostly Positive,75,116,0.0,0.0,0.0,True
1009700,Jewel Match Solitaire L'Amour,2019-02-14,True,False,False,Positive,93,43,9.99,9.99,0.0,True
1638420,FINAL FANTASY VI: OST & Wallpaper,2022-02-23,True,False,False,Mixed,51,41,0.0,0.0,0.0,True
402390,Hyperdrive Massacre,2015-10-12,True,True,True,Positive,85,20,9.99,9.99,0.0,True
55100,Homefront,2011-03-14,True,False,False,Mixed,63,3055,19.99,19.99,0.0,True
2151310,Dusk Hollow,2022-10-14,True,False,False,Mostly Positive,70,10,0.0,0.0,0.0,True
2087030,Shatterline,2022-09-08,True,False,False,Mostly Positive,79,26354,0.0,0.0,0.0,True
468160,Ancient Go,2017-05-30,True,False,False,Mixed,64,98,4.99,4.99,0.0,True
1613670,Anglerfish,2022-11-10,True,False,False,Very Positive,88,151,9.99,9.99,0.0,True
1882820,My Little Dictator,2022-06-06,True,True,True,Positive,100,15,19.99,19.99,0.0,True
403780,Color Symphony 2,2015-10-16,True,True,True,Positive,86,44,9.99,9.99,0.0,True
311170,Moonlight Minions,2014-10-22,True,False,False,Mixed,51,27,0.99,0.99,0.0,True
577760,Tears of a Dragon,2017-07-07,True,False,False,Positive,91,12,1.99,1.99,0.0,True
559070,Zak McKracken and the Alien Mindbenders,2018-11-16,True,True,False,Very Positive,90,93,2.09,5.99,65.0,True
596470,Cartesian,2017-02-17,True,False,False,Positive,97,40,0.0,0.0,0.0,True
869620,Katy and Bob: Cake Caf√©,2018-12-07,True,True,False,Very Positive,84,51,14.99,14.99,0.0,True
459870,VIRTUAnimator,2016-05-09,True,False,False,Mixed,60,10,0.0,0.0,0.0,True
898460,Outback Survival,2018-09-19,True,False,False,Mixed,60,30,4.99,4.99,0.0,True
464340,Syberia 3,2017-11-13,True,True,False,Mixed,52,2438,29.99,29.99,0.0,True
7660,X-COM: Apocalypse,2008-09-04,True,False,False,Very Positive,89,689,1.24,4.99,75.0,True
618210,Lanternium,2019-04-22,True,True,True,Positive,84,39,9.99,9.99,0.0,True
1024400,Marenian Tavern Story: Patty and the Hungry God,2019-05-21,True,False,False,Mostly Positive,76,42,19.99,19.99,0.0,True
559100,Phantom Doctrine,2018-08-14,True,False,False,Mostly Positive,75,3287,39.99,39.99,0.0,True
1452830,Disc Space,2020-11-13,True,False,False,Very Positive,84,519,0.0,0.0,0.0,True
293740,Road Not Taken,2014-08-05,True,True,False,Very Positive,82,229,14.99,14.99,0.0,True
1632170,Belle Boomerang,2022-06-03,True,False,False,Positive,100,10,7.99,7.99,0.0,True
1135230,Ember Knights,2023-07-18,True,False,False,Very Positive,94,2928,20.0,0.0,0.0,True
2529120,Old School,2023-10-06,True,False,False,Very Positive,86,92,15.0,0.0,0.0,True
342550,Phantasmal: Survival Horror Roguelike,2016-04-14,True,False,False,Mixed,44,317,0.0,0.0,0.0,True
1876990,Northgard - Dodsvagr Clan of the Rat,2022-01-26,True,True,True,Mostly Positive,74,151,4.99,4.99,0.0,True
397390,Space Food Truck,2016-03-25,True,True,True,Mostly Positive,71,201,9.99,9.99,0.0,True
1484280,Demeo,2021-05-06,True,False,False,Very Positive,92,1223,39.99,39.99,0.0,True
583640,100% Orange Juice - Suguri & Hime Winter Costumes,2017-01-31,True,False,False,Very Positive,97,88,0.99,0.99,0.0,True
1585815,SnowRunner - Season 8: Grand Harvest,2021-05-17,True,False,False,Mostly Positive,70,102,11.99,11.99,0.0,True
1273520,The Last Day Defense VR,2020-06-03,True,False,False,Positive,83,36,9.99,9.99,0.0,True
71240,SEGA Bass Fishing,2011-03-04,True,False,False,Very Positive,89,428,7.99,7.99,0.0,True
491660,Assault on the Necrospire,2017-08-21,True,False,False,Mixed,67,28,0.0,0.0,0.0,True
277910,Mars Colony:Challenger,2014-03-04,True,False,False,Mixed,64,117,4.99,4.99,0.0,True
961990,Photo & Graphic Designer 16 Steam Edition,2018-11-11,True,False,False,Mostly Positive,78,19,59.99,59.99,0.0,True
613230,Planescape: Torment: Enhanced Edition Official Soundtrack,2017-04-11,False,False,False,Mostly Positive,70,17,9.99,9.99,0.0,True
1214410,Zooma VR,2020-08-14,True,False,False,Positive,90,33,5.99,5.99,0.0,True
1076790,Cube Runner 2,2020-10-13,True,False,False,Mostly Positive,78,14,10.99,10.99,0.0,True
817540,SpellForce 3: Soul Harvest,2019-05-28,True,False,False,Very Positive,85,1732,19.99,19.99,0.0,True
995650,Warhammer 40000: Inquisitor - Martyr - Occult Siege,2018-12-17,True,False,False,Mixed,60,10,0.59,2.99,80.0,True
499420,Star Fields,2016-08-06,True,False,False,Mixed,56,23,1.99,1.99,0.0,True
812140,Assassin's Creed¬Æ Odyssey,2018-10-05,True,False,False,Very Positive,89,128200,60.0,0.0,0.0,True
1305120,The Lost Legends of Redwall‚Ñ¢: The Scout Act 2,2021-04-30,True,True,False,Positive,100,12,9.99,9.99,0.0,True
1327430,Pinku Kult Hex Mortis,2022-05-31,True,False,False,Positive,95,24,9.99,9.99,0.0,True
1619320,Phoenix Point - Expansion Pass,2021-05-20,True,True,False,Mixed,69,13,0.0,0.0,0.0,True
1058060,Princesses Never Lose!,2020-03-19,True,False,False,Very Positive,82,342,12.99,19.99,35.0,True
534720,Tornuffalo,2016-12-12,True,False,False,Positive,91,47,0.99,0.99,0.0,True
2394040,Ê∏∏Èæô‰º†ËØ¥,2023-05-21,True,False,False,Very Positive,96,131,0.0,0.0,0.0,True
794550,Grapple Force Rena,2018-12-04,True,False,True,Very Positive,93,111,14.99,14.99,0.0,True
1101310,Vengeful Heart,2020-08-27,True,True,True,Positive,100,14,9.99,9.99,0.0,True
861520,#AkiRobots,2020-12-04,True,True,True,Positive,93,15,7.99,7.99,0.0,True
1420740,Your amazing T-Gotchi!,2020-10-08,True,True,True,Mixed,67,356,4.99,4.99,0.0,True
1614500,Run and Jump Little Vico,2021-07-08,True,False,False,Positive,100,11,2.99,2.99,0.0,True
2008480,Everything Has Arms,2022-08-09,True,False,False,Mostly Positive,76,26,0.0,0.0,0.0,True
205530,Gratuitous Tank Battles,2012-05-17,True,True,False,Mixed,53,78,9.99,9.99,0.0,True
1873750,Periphery,2022-08-19,True,False,False,Mixed,58,29,4.99,4.99,0.0,True
552540,Lotia¬Æ,2017-06-02,True,True,False,Mixed,58,12,0.0,0.0,0.0,True
1249300,The Indifferent Wonder of an Edible Place,2020-02-27,True,True,True,Very Positive,82,132,0.0,0.0,0.0,True
1194140,Blind Justice,2019-12-16,True,False,False,Mixed,54,53,9.99,9.99,0.0,True
632200,Kuro survival,2017-06-21,True,True,False,Mixed,61,42,0.99,0.99,0.0,True
534910,3D Arcade Fishing,2016-12-20,True,True,True,Mixed,53,30,4.99,4.99,0.0,True
1767690,Farming Simulator 22 - Fendt 900 Vario Black Beauty,2021-11-21,True,True,False,Mixed,67,71,0.99,0.99,0.0,True
1400320,Í∑∏ Ïñ¥Îäê Ïó¨Î¶ÑÎÇ†Ïùò Ïù¥ÏïºÍ∏∞,2020-09-03,True,False,False,Very Positive,90,51,0.0,0.0,0.0,True
208741,Game of Thrones - Weapon Pack,2012-07-02,True,False,False,Positive,88,17,2.99,2.99,0.0,True
1897320,Garden Guardian,2022-08-09,True,False,False,Positive,96,31,3.99,3.99,0.0,True
394430,Dimension Drive,2017-12-07,True,True,True,Positive,80,31,12.99,12.99,0.0,True
1432470,Vertigo Remastered - Sandbox DLC,2020-10-15,True,False,False,Positive,100,15,7.99,7.99,0.0,True
378644,The Witcher 3: Wild Hunt - Alternative Look for Ciri,2015-07-19,True,False,False,Very Positive,88,441,0.0,0.0,0.0,True
1139800,Chinatris,2020-01-02,True,True,False,Very Positive,87,850,1.99,1.99,0.0,True
792640,Inca Blocks,2018-03-02,True,True,True,Mixed,55,18,1.99,1.99,0.0,True
39510,Gothic II: Gold Edition,2010-11-05,True,False,False,Very Positive,92,8101,9.99,9.99,0.0,True
1557760,6 Feet Behind,2021-03-16,True,False,True,Positive,90,11,0.0,0.0,0.0,True
336700,Elastrix,2014-12-18,True,True,True,Positive,86,23,2.99,2.99,0.0,True
1886120,Voice of Chernobyl,2022-09-18,True,False,False,Mostly Positive,74,107,0.0,0.0,0.0,True
801310,Glass Masquerade - Lunar Year Puzzle,2018-02-08,True,True,False,Very Positive,98,86,0.0,0.0,0.0,True
208363,Train Simulator: LNER Class A3 ‚ÄòFlying Scotsman‚Äô Loco Add-On,2012-08-01,True,False,False,Positive,91,36,7.99,7.99,0.0,True
1048874,Beat Saber - RIOT - 'Overkill',2019-03-14,True,False,False,Mixed,40,61,1.99,1.99,0.0,True
665030,Zeran's Folly,2017-10-05,True,False,False,Mostly Positive,75,52,9.99,9.99,0.0,True
1463130,Robobo TM,2021-06-23,True,False,False,Positive,100,10,1.99,1.99,0.0,True
356670,Spooky's Jump Scare Mansion,2015-07-28,True,False,False,Very Positive,92,13430,0.0,0.0,0.0,True
638720,Final Battle,2018-04-20,True,False,False,Mostly Positive,78,46,6.99,6.99,0.0,True
261700,Eryi's Action,2013-11-19,True,False,True,Very Positive,89,850,4.99,4.99,0.0,True
1281400,Good Knight,2021-09-17,True,False,True,Positive,95,42,14.99,14.99,0.0,True
445450,RPG Maker VX Ace - Hero & Daughter Artwork,2016-02-18,True,False,False,Mostly Positive,72,18,0.0,0.0,0.0,True
732240,SpaceBourne,2020-07-18,True,False,False,Mostly Positive,78,620,14.99,14.99,0.0,True
1173790,FINAL FANTASY III,2021-08-12,True,False,False,Very Positive,93,1457,17.99,17.99,0.0,True
1763510,X8,2023-05-18,True,False,False,Very Positive,81,69,0.0,0.0,0.0,True
763710,River City Melee Mach!!,2019-10-09,True,False,False,Mostly Positive,76,99,13.99,13.99,0.0,True
858860,Tabletop Gods,2019-05-16,True,False,False,Positive,94,36,19.99,19.99,0.0,True
851271,City of God I:Prison Empire-Assistant Lucie-ÊàëÂíåÈú≤Ë•ø‰∫û‰∏çÂæó‰∏çË™™ÁöÑÊïÖ‰∫ã,2018-05-10,True,False,False,Positive,80,10,1.99,1.99,0.0,True
1489830,Bouboum,2020-12-17,True,False,False,Very Positive,81,75,0.0,0.0,0.0,True
1493170,Assetto Corsa Competizione - British GT Pack,2021-02-10,True,False,False,Very Positive,98,108,5.19,12.99,60.0,True
943960,3Buttons,2018-10-25,True,True,True,Mixed,60,51,0.0,0.0,0.0,True
366010,Generic Space Shooter,2016-03-11,True,True,True,Mostly Positive,73,34,2.99,2.99,0.0,True
1356140,112 Operator - Call Editor,2020-07-17,True,False,False,Mostly Positive,72,11,0.0,0.0,0.0,True
545150,Beastiarium,2016-12-05,True,False,False,Mixed,50,52,14.99,14.99,0.0,True
13500,Prince of Persia: Warrior Within‚Ñ¢,2008-11-21,True,False,False,Very Positive,84,2199,9.99,9.99,0.0,True
552630,Keep Watching VR,2018-05-02,True,False,False,Mixed,61,13,2.99,2.99,0.0,True
502320,Boulder Dash - 30th Anniversary,2016-09-13,True,True,False,Mostly Positive,79,86,14.99,14.99,0.0,True
1585570,Workplace Rhapsody,2021-09-29,True,False,False,Very Positive,87,1056,4.99,4.99,0.0,True
1154080,Rugby League Team Manager 3,2020-05-28,True,True,False,Very Positive,80,67,39.99,39.99,0.0,True
1756090,Trial Of Empires TD,2022-01-10,True,True,True,Mixed,67,49,0.0,0.0,0.0,True
1237420,HYPERCHARGE: Unboxed Original Soundtrack,2020-04-27,False,False,False,Positive,90,10,9.99,9.99,0.0,True
1225610,‚àÄkashicverse -Malicious Wake-,2020-11-30,True,False,False,Positive,96,31,9.99,9.99,0.0,True
586100,Heroes in the Sky-Origin,2019-01-04,True,False,False,Negative,0,20,2.99,2.99,0.0,True
24720,SPORE‚Ñ¢ Galactic Adventures,2009-06-23,True,False,False,Very Positive,88,5605,19.99,19.99,0.0,True
1068070,Lords Of The Lockerroom,2019-05-17,True,False,False,Very Positive,96,284,0.0,0.0,0.0,True
326430,Sniper Elite 3 - U.S. Camouflage Rifles Pack,2014-10-17,True,False,False,Positive,86,38,1.99,1.99,0.0,True
783340,FRACTER,2019-09-05,True,False,False,Mostly Positive,78,19,6.99,6.99,0.0,True
1559330,Destroy The Hexons,2021-03-15,True,False,False,Positive,90,22,0.99,0.99,0.0,True
2120410,The Letter: Classic Edition,2022-11-08,True,False,False,Positive,83,12,1.99,1.99,0.0,True
306660,Ultimate General: Gettysburg,2014-10-16,True,True,True,Very Positive,83,2289,14.99,14.99,0.0,True
1794760,Memetric: Final Lifeforms,2021-11-09,True,False,False,Positive,81,11,12.99,12.99,0.0,True
1331330,CurryKitten FPV Simulator,2020-06-12,True,True,True,Mostly Positive,78,33,1.99,1.99,0.0,True
1230274,Train Simulator: Engadin Linie: Pontresina - Scuol-Tarasp Route Add-On,2020-06-25,True,False,False,Positive,91,12,39.99,39.99,0.0,True
1999740,THE BUTTON by Elendow,2023-05-26,True,False,True,Very Positive,93,443,0.0,0.0,0.0,True
567990,Sally Face - Season Pass,2016-12-14,True,True,True,Overwhelmingly Positive,96,819,11.99,11.99,0.0,True
376931,Train Simulator: Amtrak¬Æ Dash 8-32BWH Loco Add-On,2016-03-01,True,False,False,Positive,100,28,19.99,19.99,0.0,True
1138440,Galactic Ruler,2022-08-03,True,False,False,Mixed,57,66,39.99,39.99,0.0,True
1305390,Gel-Tank,2021-04-27,True,False,False,Positive,93,16,19.99,19.99,0.0,True
1847130,Tokyo Detectives,2021-12-30,True,True,True,Mostly Positive,70,41,0.0,0.0,0.0,True
771720,Aragami: Nightfall,2018-06-05,True,True,True,Mixed,62,178,1.99,9.99,80.0,True
1618240,The Alien Way,2021-05-10,True,False,False,Positive,81,11,0.99,9.99,90.0,True
966330,Flower,2019-02-14,True,False,False,Very Positive,81,3197,6.99,6.99,0.0,True
386200,STLD Redux: Episode 02,2017-05-19,True,False,False,Positive,93,30,4.99,4.99,0.0,True
1731360,‰∏≠ÂõΩÊàòÁñ´,2022-01-22,True,False,False,Mostly Positive,73,30,3.99,7.99,50.0,True
1832740,Erophone:Re,2023-05-26,True,False,False,Mostly Positive,71,135,13.59,16.99,20.0,True
1579680,Host 714,2021-06-22,True,False,False,Positive,100,17,4.99,4.99,0.0,True
327440,Hail to the King: Deathbat,2014-10-30,True,False,False,Mostly Positive,78,184,5.99,5.99,0.0,True
793760,My Sweet Waifu,2018-03-07,True,False,False,Mixed,46,28,3.99,3.99,0.0,True
465170,Crime Secrets: Crimson Lily,2016-07-14,True,True,True,Mostly Positive,74,216,2.49,9.99,75.0,True
792332,Valkyria Chronicles 4 - A Captainless Squad,2018-09-25,True,False,False,Mostly Positive,73,19,49.99,49.99,0.0,True
1939640,Case Files: The Death of Paulette Williams,2022-10-26,True,True,False,Mixed,64,14,2.99,5.99,50.0,True
1023390,People,2020-03-07,True,False,False,Mixed,50,18,3.99,4.99,20.0,True
2354600,Renfield: Bring Your Own Blood,2023-04-12,True,False,False,Mostly Positive,76,78,4.99,4.99,0.0,True
1997670,Treats Please!,2022-06-07,True,False,False,Positive,100,11,0.0,0.0,0.0,True
270110,Block Story‚Ñ¢,2015-12-10,True,False,False,Very Positive,81,1089,2.99,2.99,0.0,True
562460,Radium 2,2017-03-01,True,True,True,Positive,100,12,4.99,4.99,0.0,True
1356480,helionaut,2020-07-06,True,True,False,Very Positive,95,147,2.99,2.99,0.0,True
897800,Arcane Golf,2018-07-26,True,False,False,Positive,100,37,2.99,2.99,0.0,True
754680,Bomber Crew Secret Weapons DLC,2017-12-15,True,True,True,Mostly Positive,78,56,6.99,6.99,0.0,True
423870,Astervoid 2000,2016-12-01,True,True,True,Mostly Positive,78,28,4.99,4.99,0.0,True
1617790,G for Gravity,2021-05-10,True,False,False,Positive,84,25,0.0,0.0,0.0,True
785840,Moe Jigsaw,2018-03-23,True,False,False,Very Positive,83,332,3.99,3.99,0.0,True
1554140,Jetpack astronaut,2021-03-03,True,False,False,Positive,81,11,0.99,9.99,90.0,True
1324030,Alien Cat 2,2020-06-15,True,False,False,Very Positive,96,59,0.99,0.99,0.0,True
1470420,Re:Turn 2 - Runaway,2022-01-28,True,False,False,Mostly Positive,78,33,7.99,7.99,0.0,True
2362420,Mass Effect 2 (2010) Edition,2023-05-15,True,False,False,Mixed,56,37,7.49,29.99,75.0,True
307090,Fancy Skulls,2014-06-16,True,True,False,Mostly Positive,76,73,8.99,8.99,0.0,True
671720,Robin,2018-02-08,True,False,False,Very Positive,87,593,0.0,0.0,0.0,True
200670,Disciples III - Resurrection,2011-10-11,True,False,False,Mostly Negative,32,171,9.99,9.99,0.0,True
1263990,Floor 13: Deep State,2020-11-02,True,True,False,Mostly Negative,25,20,19.99,19.99,0.0,True
1910610,Pixel Artist,2022-03-09,True,False,False,Positive,86,15,12.99,12.99,0.0,True
1672000,HOT WHEELS‚Ñ¢ - Looney Tunes Expansion,2022-07-14,True,False,False,Mixed,66,12,14.99,14.99,0.0,True
2380060,Dome Keeper: Assessor Gear Pack,2023-05-03,True,True,True,Positive,92,13,2.69,2.99,10.0,True
1014880,By Moonlight,2019-02-19,True,True,False,Very Positive,89,118,0.0,0.0,0.0,True
1023870,Northern Lights,2019-02-18,True,False,False,Mixed,48,58,1.99,1.99,0.0,True
793200,Escape the Darkness,2018-04-03,True,False,False,Positive,91,24,0.99,0.99,0.0,True
540410,Queendoom,2016-11-10,True,False,False,Positive,95,20,9.99,9.99,0.0,True
421120,Samorost 3,2016-03-24,True,True,False,Very Positive,94,2981,19.99,19.99,0.0,True
445210,Tiny Knight,2016-03-17,True,False,False,Mostly Positive,70,24,4.99,4.99,0.0,True
1237526,MY HERO ONE'S JUSTICE 2 DLC Pack 4: Tetsutetsu Tetsutetsu,2021-02-24,True,False,False,Mostly Positive,72,11,3.99,3.99,0.0,True
2013360,The Oregon Trail,2022-11-14,True,False,False,Mostly Positive,78,498,29.99,29.99,0.0,True
1675270,Hanoi Puzzles: Flip Match,2021-10-15,True,True,True,Positive,100,17,2.99,2.99,0.0,True
1951380,Diptych: The Great War,2022-05-12,True,False,False,Positive,100,19,9.99,9.99,0.0,True
690150,Fossil Hunters,2018-02-13,True,True,False,Mostly Positive,76,38,14.99,14.99,0.0,True
1956530,Modding Tool Add-on - Power & Revolution 2022 Edition,2022-05-19,True,True,False,Mostly Negative,30,10,15.99,15.99,0.0,True
3580,The Wizard's Pen‚Ñ¢,2009-02-18,True,False,False,Positive,80,31,4.99,4.99,0.0,True
875310,LIBERATED,2020-07-30,True,False,False,Mostly Positive,76,504,19.99,19.99,0.0,True
1709780,Cute Invaders,2022-05-09,True,False,False,Mixed,40,15,3.99,3.99,0.0,True
494170,Miniature Garden,2017-03-30,True,False,False,Very Positive,82,51,19.99,19.99,0.0,True
529690,Graviteam Tactics: Croatian Legion,2016-10-06,True,False,False,Positive,100,31,4.99,4.99,0.0,True
323780,Fireworks Simulator,2014-11-26,True,False,False,Mixed,57,183,11.99,11.99,0.0,True
2062376,Insurgency: Sandstorm - Rust & Wrap Weapon Skin Set,2021-09-28,True,False,False,Positive,100,25,2.99,2.99,0.0,True
298990,Enemy Front Multiplayer Map Pack,2014-07-14,True,False,False,Mixed,68,29,4.99,4.99,0.0,True
324610,The Shopkeeper,2014-10-23,True,True,True,Mostly Negative,21,19,2.99,2.99,0.0,True
651090,Aces High III,2017-08-23,True,False,False,Mixed,59,345,0.0,0.0,0.0,True
1221240,Tavern Cards,2020-04-11,True,False,False,Mixed,68,57,0.38,2.99,87.0,True
1375366,Beat Saber - Linkin Park - 'Numb',2020-08-17,True,False,False,Positive,84,13,1.99,1.99,0.0,True
1287640,CAGE-FACE | Case 1: The Mine,2021-10-06,True,False,False,Positive,92,14,0.0,0.0,0.0,True
2078510,VIVIDLOPE,2023-05-19,True,False,False,Very Positive,100,113,9.99,9.99,0.0,True
1678420,Blade Runner: Enhanced Edition,2022-06-23,True,False,False,Mixed,56,195,9.99,9.99,0.0,True
1953470,Sim World,2022-10-18,True,False,False,Mixed,60,10,0.0,0.0,0.0,True
880400,Lingering Fragrance,2018-08-10,True,False,False,Very Positive,91,515,3.99,3.99,0.0,True
1077450,Wally and the FANTASTIC PREDATORS,2019-09-03,True,True,True,Very Positive,96,157,14.99,14.99,0.0,True
1679910,Blow & Fly,2022-05-03,True,False,False,Positive,100,10,4.99,4.99,0.0,True
885071,Tiny Town VR - Zombie Pack,2018-07-30,True,False,False,Positive,100,14,0.0,0.0,0.0,True
716040,Hide and go boom,2018-02-17,True,True,True,Mostly Positive,76,34,0.0,0.0,0.0,True
1388870,Arcade Paradise,2022-08-11,True,False,False,Very Positive,89,720,19.99,19.99,0.0,True
2166290,The Dead City,2022-10-14,True,False,False,Mostly Positive,71,28,1.99,1.99,0.0,True
37340,Fitness Dash‚Ñ¢,2010-05-06,True,True,False,Mostly Positive,70,10,6.99,6.99,0.0,True
843640,WEscape,2018-08-17,True,False,False,Mostly Positive,77,27,2.99,2.99,0.0,True
2018270,Ragedanger Earth,2022-06-25,True,False,False,Positive,91,12,4.99,49.99,90.0,True
1493070,VR World War II battlefield experience,2020-12-31,True,False,False,Positive,92,14,2.49,4.99,50.0,True
1228680,Goblet Cave,2020-01-27,True,True,False,Positive,84,19,2.99,2.99,0.0,True
1857650,DEEP FOG,2022-04-29,True,False,False,Very Positive,100,84,14.99,14.99,0.0,True
1072000,Alice in CyberCity,2019-05-27,True,False,False,Mixed,60,35,0.0,0.0,0.0,True
1192380,TOTALLY BASEBALL,2021-07-07,True,False,False,Very Positive,93,113,14.99,14.99,0.0,True
1601410,Far Away Train,2021-06-03,True,False,False,Mixed,68,19,18.99,18.99,0.0,True
420880,I must kill...: Fresh Meat,2015-11-30,True,False,False,Mostly Negative,28,252,0.0,0.0,0.0,True
70615,Worms Ultimate Mayhem - Single Player Pack DLC,2013-01-09,True,False,False,Positive,80,10,16.99,0.0,0.0,True
751320,Echo,2022-12-01,True,False,False,Mixed,52,25,0.0,0.0,0.0,True
208349,Train Simulator: SP&S E-1 Class 'Northern' Loco Add-On,2013-06-13,True,False,False,Mostly Positive,72,11,19.99,19.99,0.0,True
1117660,Mines of Volantis,2020-09-01,True,False,False,Mixed,57,14,4.99,4.99,0.0,True
2133160,Monster Hunter Rise - 'Stuffed Mizutsune' Hunter layered weapon (Heavy Bowgun),2022-11-23,True,False,False,Positive,100,10,2.49,2.49,0.0,True
418180,Tempest: Pirate Action RPG,2016-08-22,True,True,False,Mostly Positive,70,1630,14.99,14.99,0.0,True
1674890,üëë Idle Calibur üëëÔºàÈÄâÁéã‰πãÂâëÔºâ,2022-01-14,True,False,False,Very Positive,88,1080,7.99,7.99,0.0,True
1867330,Surreal Nightmare,2022-01-31,True,False,False,Mixed,61,13,0.99,0.99,0.0,True
1179620,Journey of the Broken Circle,2020-09-18,True,True,False,Positive,83,18,9.99,9.99,0.0,True
1593350,Increlution,2021-10-13,True,True,True,Very Positive,87,708,2.99,2.99,0.0,True
602510,Gettysburg: The Tide Turns,2017-07-14,True,False,False,Mixed,65,52,9.99,9.99,0.0,True
787340,A Hat in Time - Seal the Deal,2018-09-13,True,False,False,Mixed,64,1186,4.99,4.99,0.0,True
798560,Inaccessible world,2018-02-15,True,False,False,Mostly Negative,38,26,0.86,2.99,71.0,True
588340,Stolen Steel VR,2017-02-22,True,False,False,Mixed,54,35,0.99,0.99,0.0,True
222564,Train Simulator: Strathclyde Class 101 DMU Add-On,2012-12-06,True,False,False,Positive,90,10,7.99,7.99,0.0,True
1783690,Hero's Hour - Supporter Pack,2022-03-01,True,False,False,Positive,96,26,5.99,5.99,0.0,True
601010,Hotel Anatolia,2017-03-20,True,False,False,Mixed,69,274,0.99,0.99,0.0,True
515040,Make America Great Again: The Trump Presidency,2016-09-26,True,False,False,Very Positive,86,1604,2.99,2.99,0.0,True
645690,Fantasia of the Wind - È£é‰πãÂπªÊÉ≥Êõ≤,2017-10-25,True,True,False,Very Positive,89,291,3.99,3.99,0.0,True
742410,Aerofly FS 2 - USA Colorado,2017-11-08,True,True,True,Positive,100,10,0.0,0.0,0.0,True
2094730,Tux and Fanny,2022-09-07,True,True,True,Positive,100,14,9.99,9.99,0.0,True
461950,Beat Cop,2017-03-30,True,True,True,Very Positive,83,3368,14.99,14.99,0.0,True
1715160,Howloween Hero,2021-10-25,True,True,False,Positive,93,29,9.99,9.99,0.0,True
325954,Train Simulator: WCML Trent Valley Route Add-On,2015-07-08,True,False,False,Very Positive,80,60,39.99,39.99,0.0,True
1833040,Êô¥Êú´ÁΩÆÈõ®,2022-07-20,True,False,False,Mostly Positive,77,200,1.99,1.99,0.0,True
403970,The Dwarves,2016-12-01,True,True,True,Mostly Positive,74,1006,39.99,39.99,0.0,True
837940,Mobile Forces,2018-06-08,True,False,False,Very Positive,95,61,3.99,3.99,0.0,True
1012450,HopSquash!,2019-11-29,True,True,True,Positive,90,10,2.49,4.99,50.0,True
1840650,Thief Simulator - Luxury Houses DLC,2023-04-06,True,False,False,Positive,86,44,6.99,6.99,0.0,True
1516900,RASPBERRY MASH,2021-03-24,True,True,False,Mixed,68,19,14.99,14.99,0.0,True
657180,The Adliberum Engine (ADLENGINE),2017-06-23,True,False,False,Mixed,63,11,0.0,0.0,0.0,True
783310,Burden,2019-01-17,True,False,False,Mixed,45,35,8.99,8.99,0.0,True
448910,Axes and Acres,2016-04-07,True,True,True,Very Positive,87,96,9.99,9.99,0.0,True
721341,Content Pack - Europa Universalis IV: Cradle of Civilization,2017-11-16,True,True,True,Mixed,43,30,7.99,7.99,0.0,True
1533004,SnowRunner - Scorched Vinyl Wrap,2021-05-17,True,False,False,Mostly Negative,25,12,0.99,0.99,0.0,True
1795180,Ice Station Z,2021-12-02,True,False,False,Mostly Positive,75,91,4.99,4.99,0.0,True
592374,TEKKEN 7 - DLC3: Noctis Lucis Caelum Pack,2018-03-19,True,False,False,Mostly Positive,77,310,7.99,7.99,0.0,True
1168630,Active Neurons - Puzzle game,2019-10-15,True,True,True,Positive,100,27,0.49,4.99,90.0,True
1482080,Persona¬Æ 5 Strikers - Legacy BGM Pack,2021-02-22,True,False,False,Very Positive,93,74,9.99,9.99,0.0,True
1921760,Pocket Academy,2022-06-12,True,False,False,Very Positive,94,107,8.99,8.99,0.0,True
554330,Choppa,2017-02-23,True,False,False,Mostly Positive,76,95,0.99,0.99,0.0,True
1983700,Mega Mall Story 2,2023-03-05,True,False,False,Positive,100,15,8.99,8.99,0.0,True
359370,Pirate's Life,2015-04-17,True,False,False,Mostly Negative,35,62,4.99,4.99,0.0,True
502550,Strike.is: The Game,2016-07-14,True,True,False,Mostly Positive,73,1277,0.0,0.0,0.0,True
677620,Splitgate,2019-05-24,True,False,True,Very Positive,91,108046,0.0,0.0,0.0,True
1635250,Legend of Chilli Tree,2021-08-02,True,False,False,Positive,100,32,9.99,9.99,0.0,True
1336560,Hashiriya Drifter-Online Drift Racing Multiplayer (DRIFT/DRAG/RACING),2020-07-10,True,True,True,Mostly Positive,71,1202,4.99,4.99,0.0,True
773120,Christmas Santa Troubles,2018-04-24,True,False,False,Mostly Negative,38,18,0.99,0.99,0.0,True
1906050,Dragon Map Maker,2023-02-16,True,False,False,Positive,100,13,34.99,34.99,0.0,True
2010450,Endlanders : First Encounter,2022-06-04,True,False,True,Very Positive,83,210,0.0,0.0,0.0,True
1397940,Prototype ONE DAY I AM,2020-09-29,True,False,False,Mixed,48,31,0.0,0.0,0.0,True
294440,Shadowgate,2014-08-21,True,True,False,Very Positive,87,445,14.99,14.99,0.0,True
1301950,Time Loader,2021-11-03,True,False,False,Very Positive,87,187,14.99,14.99,0.0,True
523730,Sweet Volley High,2016-10-26,True,True,True,Mixed,58,17,9.99,9.99,0.0,True
1027880,A Dance of Fire and Ice - Official Soundtrack,2019-02-06,True,True,True,Very Positive,95,103,2.99,2.99,0.0,True
290470,Onigiri,2019-03-28,True,False,False,Mostly Positive,71,909,0.0,0.0,0.0,True
405340,Siegecraft Commander,2017-01-16,True,True,False,Mixed,57,33,19.99,19.99,0.0,True
1899980,Monster Island,2022-02-28,True,False,False,Mixed,60,10,0.0,0.0,0.0,True
760730,Conan Exiles - The Imperial East Pack,2018-06-22,True,False,False,Mostly Positive,71,182,7.49,9.99,25.0,True
214933,BioShock Infinite - Season Pass,2016-09-16,True,False,True,Very Positive,89,617,4.99,19.99,75.0,True
2164210,Dead Space Digital Deluxe Edition Upgrade,2023-01-27,True,False,False,Very Positive,93,144,9.99,9.99,0.0,True
1346260,Another road,2020-09-07,True,False,False,Mixed,66,12,1.99,1.99,0.0,True
208803,Tomb Raider: Headshot Reticule,2013-03-26,True,True,True,Mostly Positive,71,46,0.99,0.99,0.0,True
308360,LogiGun,2014-07-22,True,False,False,Positive,88,26,4.99,4.99,0.0,True
1147158,Train Simulator: Battle For Sherman Hill Add-On,2020-05-14,True,False,False,Mostly Positive,71,21,24.99,24.99,0.0,True
880780,Vatnik Simulator - A Russian Patriot Game,2018-06-21,True,False,False,Mixed,66,15,0.99,0.99,0.0,True
1315070,Vaccine19,2020-12-25,True,False,False,Mostly Positive,78,64,0.0,0.0,0.0,True
234670,NARUTO SHIPPUDEN: Ultimate Ninja STORM 3 Full Burst HD,2013-10-24,True,False,False,Very Positive,89,9124,19.99,19.99,0.0,True
623140,Warhammer 40000: Sanctus Reach - Legacy of the Weirdboy,2017-07-06,True,False,False,Positive,86,15,9.99,9.99,0.0,True
862110,Super Jigsaw Puzzle: Cities,2018-05-29,True,False,False,Very Positive,96,59,4.99,4.99,0.0,True
1707040,OctoQuest,2021-08-17,True,True,False,Positive,93,15,0.0,0.0,0.0,True
2172690,Scroll Of Taiwu - ÂÆõÊ∏†‰πãÊ∞ëÁöÑËµ†Á§º‰πã‰∫å,2022-12-28,True,False,False,Positive,83,31,0.0,0.0,0.0,True
2050450,THE MADMAN,2022-07-02,True,False,False,Mixed,66,15,3.89,12.99,70.0,True
1263230,Cooking Companions,2021-10-07,True,True,False,Very Positive,94,702,14.99,14.99,0.0,True
2274410,Weird and Unfortunate Things Are Happening,2023-02-06,True,False,False,Positive,100,37,0.0,0.0,0.0,True
933130,Archangel Hellfire - Fully Loaded,2018-09-13,True,False,False,Mostly Positive,78,19,19.99,19.99,0.0,True
1106170,Ultimate Fishing Simulator - Amazon River DLC,2019-10-25,True,False,False,Mostly Positive,77,40,4.99,4.99,0.0,True
352610,The Way We All Go,2015-03-24,True,True,True,Very Positive,86,124,5.99,5.99,0.0,True
240360,Dragon's Lair 2: Time Warp,2013-10-24,True,True,True,Very Positive,82,79,9.99,9.99,0.0,True
2158180,Walkabout Mini Golf: 20000 Leagues Under the Sea,2022-09-29,True,False,False,Positive,91,24,2.99,2.99,0.0,True
2084930,Ever Seen A Cat? 3,2022-10-11,True,False,False,Very Positive,100,113,2.99,2.99,0.0,True
371100,Waste Walkers,2015-06-01,True,False,False,Mostly Positive,79,134,4.49,9.99,55.0,True
315080,Foresight,2014-11-28,True,False,False,Mostly Positive,78,14,4.99,4.99,0.0,True
1097180,Time Travelling Navy Seal Ninja Warrior,2019-07-23,True,False,False,Mostly Positive,71,14,5.99,5.99,0.0,True
2162190,Legion TD 2 - Desert Ridge Campaign,2022-12-01,True,True,False,Positive,90,10,8.99,8.99,0.0,True
2262960,Artur's Pinball,2023-01-10,True,False,False,Positive,86,15,0.27,0.99,72.0,True
1137700,AAW Wrestle Lab,2019-09-27,True,False,False,Mostly Positive,74,39,0.0,0.0,0.0,True
1946700,Layers of Fear,2023-06-15,True,True,False,Mostly Positive,73,370,29.99,29.99,0.0,True
1590160,Liberte,2022-02-15,True,False,False,Mixed,69,92,15.99,15.99,0.0,True
1229040,Who's Your Daddy Soundtrack,2020-04-16,False,False,False,Mostly Positive,78,28,0.99,0.99,0.0,True
1273450,Selfless Heroes,2020-04-14,True,False,True,Mostly Positive,79,29,5.99,5.99,0.0,True
295770,Rogue Shooter: The FPS Roguelike,2014-04-24,True,False,False,Mostly Positive,76,323,4.99,4.99,0.0,True
1055430,Swords and Sandals Classic Collection,2019-04-18,True,True,False,Very Positive,92,1628,9.99,9.99,0.0,True
630010,OMSI 2 Add-On HafenCity - Hamburg modern,2017-10-19,True,False,False,Mostly Positive,74,298,19.99,19.99,0.0,True
485570,Milford Heaven - Luken's Chronicles,2016-06-10,True,False,False,Positive,81,11,1.99,1.99,0.0,True
1569620,Lab Rags,2021-05-16,True,False,False,Very Positive,93,361,0.0,0.0,0.0,True
451160,Rock 'N' Roll Defense: Soundtrack,2016-08-10,True,False,False,Very Positive,96,53,2.99,0.0,0.0,True
625580,The Cleansing - Versus,2017-09-28,True,False,False,Mixed,60,10,0.0,0.0,0.0,True
949500,Atlantia Animation,2018-11-26,True,True,True,Mixed,58,39,2.99,2.99,0.0,True
1140290,Murder by Numbers,2020-03-06,True,False,False,Very Positive,86,875,5.09,14.99,66.0,True
1877111,The Quarry ‚Äì Deluxe Bonus Content Pack,2022-06-29,True,False,False,Mostly Positive,74,27,14.99,14.99,0.0,True
411420,Starpoint Gemini 2: Titans,2015-11-06,True,False,False,Mixed,53,15,0.74,4.99,85.0,True
1158280,Legion 51,2019-11-20,True,False,False,Very Positive,80,87,2.99,2.99,0.0,True
1447920,Video World,2021-01-21,True,True,False,Very Positive,85,101,0.0,0.0,0.0,True
673130,AMID EVIL,2019-06-20,True,False,False,Overwhelmingly Positive,95,4854,19.99,19.99,0.0,True
712190,Genesis Alpha One Deluxe Edition,2020-02-25,True,False,False,Mostly Positive,73,1215,19.99,19.99,0.0,True
491000,Gravity Cat,2016-07-13,True,False,False,Mostly Positive,78,365,1.99,1.99,0.0,True
2000360,CORGI,2022-05-28,True,False,False,Mostly Positive,73,15,3.99,3.99,0.0,True
369720,Moonrise Base Game + Guildmaster's Edition,2015-05-27,True,True,False,Mostly Negative,30,33,0.0,0.0,0.0,True
264340,Major Mayhem,2014-02-24,True,True,True,Very Positive,91,62,4.99,4.99,0.0,True
1077990,OMSI 2 Add-On Wuppertal Buslinie 639,2019-06-28,True,False,False,Mixed,50,64,5.99,5.99,0.0,True
246253,Pac-Man Championship Edition DX+: Dig Dug Skin,2013-09-24,True,False,False,Positive,90,11,1.99,1.99,0.0,True
341150,Age of Fear 2: The Chaos Lord GOLD,2015-03-27,True,True,True,Very Positive,80,249,4.99,24.99,80.0,True
519080,Soda Girls,2018-06-07,True,True,True,Very Positive,86,257,8.99,8.99,0.0,True
951360,Super Potato Bruh,2018-10-20,True,False,True,Mostly Positive,75,12,3.99,3.99,0.0,True
636710,The Sexy Brutale OST,2017-08-28,True,False,False,Positive,100,11,6.99,6.99,0.0,True
1558670,Survive The Dark,2021-03-18,True,False,False,Positive,82,28,4.99,4.99,0.0,True
1068700,Mystery of the Ancients: Deadly Cold Collector's Edition,2019-06-21,True,False,False,Positive,81,11,4.99,9.99,50.0,True
1573160,JUST DEFENSE,2021-03-25,True,False,False,Positive,83,12,0.0,0.0,0.0,True
2054810,Tennis Club Story,2022-11-27,True,False,False,Mostly Positive,76,13,8.99,8.99,0.0,True
2107810,Marine Survivors,2022-08-26,True,False,False,Mostly Negative,39,23,0.99,0.99,0.0,True
260190,Marc Eck≈ç's Getting Up: Contents Under Pressure,2013-12-13,True,False,False,Very Positive,89,1460,14.99,14.99,0.0,True
1152620,PixelForces.io,2020-02-23,True,False,False,Mixed,66,39,0.0,0.0,0.0,True
1151700,DayZ Livonia,2019-12-03,True,False,False,Mostly Positive,75,1197,14.0,0.0,0.0,True
699820,Mustdashe,2017-09-08,True,False,False,Mixed,50,10,0.99,0.99,0.0,True
265870,Alpha Kimori‚Ñ¢ 1,2014-03-17,True,False,False,Mostly Positive,76,39,9.99,9.99,0.0,True
1600900,ÊÄï‰∏çÊÄïË∂¥ÂñµÈú∏Èú∏ Ghost Party Nyanbaba,2022-01-21,True,False,False,Very Positive,98,156,0.99,0.99,0.0,True
1362040,Dungeon Swappers,2022-07-22,True,False,False,Mixed,57,19,0.0,0.0,0.0,True
42170,Krater,2012-06-12,True,True,False,Mixed,55,604,14.99,14.99,0.0,True
2085910,No Time For Caution,2022-12-09,True,False,False,Positive,81,11,0.0,0.0,0.0,True
576480,Drunken Fight Simulator,2021-02-23,True,False,False,Mostly Positive,71,129,3.99,3.99,0.0,True
639600,Arma 3 Malden,2017-06-22,True,False,False,Very Positive,91,883,0.0,0.0,0.0,True
1121420,Kingdom Under Fire: The Crusaders,2020-02-28,True,False,False,Very Positive,91,853,19.99,19.99,0.0,True
364890,The Lost Battalion: All Out Warfare,2015-04-23,True,False,False,Mixed,49,61,0.49,4.99,90.0,True
1232256,Borderlands 3: Moxxi's Heist of the Handsome Jackpot,2020-03-13,True,False,False,Very Positive,89,526,14.99,14.99,0.0,True
1090167,NTBSS: Master Character Training Pack - Sakura Haruno (Great Ninja War),2021-06-24,True,False,False,Mixed,66,30,1.99,3.99,50.0,True
1835200,Titanic: Fall Of A Legend,2022-02-11,True,False,False,Mostly Positive,77,53,5.99,5.99,0.0,True
965820,Ê≤âÁù°ÁöÑÊ≥ïÂàô Things as They Are,2019-06-17,True,False,False,Overwhelmingly Positive,97,859,4.19,5.99,30.0,True
2222750,Hidden Mars,2023-02-10,True,False,False,Positive,92,13,1.19,1.99,40.0,True
616700,Rage of Car Force: Car Crashing Games,2020-07-30,True,True,True,Mostly Positive,75,878,0.0,0.0,0.0,True
1191860,Memody: Sindrel Song,2019-12-06,True,False,False,Positive,100,17,9.99,9.99,0.0,True
756660,Expansion - Crusader Kings II: Holy Fury,2018-11-13,True,True,True,Very Positive,92,594,19.99,19.99,0.0,True
508760,Ball of Wonder,2016-10-28,True,False,True,Mixed,69,33,0.49,4.99,90.0,True
420980,Army Gals,2017-04-17,True,False,False,Very Positive,90,208,14.99,14.99,0.0,True
1318420,Summer in Mara Prologue,2020-05-29,True,False,False,Very Positive,87,1054,0.0,0.0,0.0,True
1347630,Key To Heaven,2021-04-23,True,False,False,Mostly Positive,71,146,0.0,0.0,0.0,True
1292240,The Chess Variants Club,2020-12-15,True,True,False,Positive,91,36,4.99,4.99,0.0,True
809500,Brazilian Root¬Æ,2018-10-30,True,False,False,Very Positive,87,58,9.99,9.99,0.0,True
804530,Cubism,2020-09-17,True,False,False,Positive,100,31,9.99,9.99,0.0,True
1953860,Garden In!,2023-01-26,True,False,True,Very Positive,90,85,9.99,9.99,0.0,True
858050,The Rose of Segunda,2018-05-30,True,False,False,Very Positive,100,57,8.99,8.99,0.0,True
484870,Battle Dome,2017-06-08,True,False,False,Very Positive,88,451,1.99,1.99,0.0,True
1484480,RUNNING WITH RIFLES: EDELWEISS Soundtrack,2020-12-15,False,False,False,Positive,81,11,1.59,3.99,60.0,True
225831,Borderlands 2: Mechromancer Domination Pack,2013-01-22,True,True,True,Mostly Positive,74,75,0.99,0.99,0.0,True
1175320,ÈªëÊöó‰πãÂ≤õ,2020-02-03,True,True,False,Mixed,57,14,6.99,6.99,0.0,True
1909220,Movie Quest,2022-12-16,True,False,False,Positive,91,37,3.99,3.99,0.0,True
367570,oO,2015-07-06,True,True,True,Very Positive,90,791,0.99,0.99,0.0,True
1172280,BUS SIMULATOR,2019-11-18,True,False,False,Positive,86,38,0.0,0.0,0.0,True
712610,Onironauta,2017-10-09,True,False,False,Positive,100,10,1.99,1.99,0.0,True
1400070,Don't Cheat On Me,2021-01-21,True,False,False,Mixed,46,241,7.99,7.99,0.0,True
1144400,SenrenÔºäBanka,2020-02-14,True,False,False,Overwhelmingly Positive,99,11410,34.99,34.99,0.0,True
1950440,Mage and Monsters,2022-10-12,True,False,False,Very Positive,92,478,3.99,3.99,0.0,True
1187950,Gaijin Charenji 1 : Kiss or Kill,2019-12-08,True,False,False,Positive,91,12,0.99,3.99,75.0,True
1050122,Hyperdimension Neptunia Re;Birth3 Uzume Battle Entry,2019-05-17,True,False,False,Mixed,50,18,1.99,1.99,0.0,True
1424640,‰ΩôÁÉ¨,2020-10-03,True,False,False,Mixed,41,12,3.99,3.99,0.0,True
1749750,Disgaea 6 Complete,2022-06-28,True,False,False,Mixed,61,256,59.99,59.99,0.0,True
584383,Crypt of the NecroDancer: AMPLIFIED OST - OC ReMix,2017-01-24,False,False,False,Positive,92,14,3.99,3.99,0.0,True
2371620,SCUM Luis Moncada character pack,2023-05-11,True,False,False,Mostly Positive,75,29,14.99,14.99,0.0,True
616660,VR Coaster Extreme,2017-04-18,True,False,False,Mixed,53,13,4.99,4.99,0.0,True
1352080,SMASH LEGENDS,2021-04-12,True,False,False,Mostly Positive,72,6390,0.0,0.0,0.0,True
611421,Planet Coaster - Back¬†to¬†the¬†Future‚Ñ¢¬†Time¬†Machine¬†Construction¬†Kit,2017-07-21,True,False,False,Very Positive,85,64,2.99,2.99,0.0,True
780990,The Disappearing of Gensokyo: Youmu Yuyuko Character Pack,2018-02-01,True,False,False,Very Positive,100,70,2.99,2.99,0.0,True
1037350,Back to 1998,2019-04-15,True,True,True,Mixed,66,12,2.99,2.99,0.0,True
984790,It'sRoachTime!,2022-03-08,True,False,False,Mixed,63,11,4.99,4.99,0.0,True
1755240,Moon Runner,2022-10-21,True,False,False,Very Positive,85,179,0.0,0.0,0.0,True
672590,Azure Saga: Pathfinder,2018-03-13,True,True,False,Mostly Positive,73,71,12.99,12.99,0.0,True
229621,Resident Evil: Revelations Resistance Set,2013-06-04,True,False,False,Mixed,54,42,1.99,1.99,0.0,True
781640,Run Jump Fail,2018-05-02,True,False,False,Positive,84,46,6.99,6.99,0.0,True
1433010,Tennis Manager 2021,2021-09-07,True,True,False,Mostly Positive,75,180,19.99,19.99,0.0,True
1184050,Gears Tactics,2020-04-28,True,False,False,Mostly Positive,76,5831,39.99,39.99,0.0,True
407380,Strania - The Stella Machina -,2015-11-24,True,False,False,Positive,90,43,14.99,14.99,0.0,True
1114740,Red Island,2019-07-25,True,False,False,Positive,94,38,1.99,1.99,0.0,True
416760,Pay2Win: The Tricks Exposed,2015-12-15,True,True,False,Mixed,66,53,4.99,4.99,0.0,True
779360,Instant Death,2018-01-22,True,False,False,Mostly Positive,77,36,5.99,5.99,0.0,True
718120,Jack B. Nimble,2018-07-24,True,True,False,Positive,90,11,2.99,2.99,0.0,True
1668440,Prodeus MIDI Soundtrack,2021-06-22,False,False,False,Positive,94,19,0.0,0.0,0.0,True
899900,Rocksmith¬Æ 2014 Edition ‚Äì Remastered ‚Äì Rocksmith Easy Exercises Vol. 1,2019-06-04,True,True,False,Positive,80,10,4.99,4.99,0.0,True
1814710,Cute Dogs,2021-12-15,True,False,False,Very Positive,97,88,0.99,0.99,0.0,True
2382764,JoJo's Bizarre Adventure: All-Star Battle R Season Pass 2,2023-06-13,True,False,False,Positive,100,11,14.99,14.99,0.0,True
349730,Popup Dungeon,2020-08-12,True,False,False,Very Positive,81,552,24.99,24.99,0.0,True
1597460,Fantasia Sango Mysteria,2023-01-10,True,False,False,Mostly Positive,73,324,0.0,0.0,0.0,True
611140,Dark Passenger,2017-04-26,True,True,True,Mixed,61,13,2.99,2.99,0.0,True
1395560,Kandidatos,2020-09-01,True,False,False,Very Positive,91,2494,0.29,0.99,70.0,True
1222250,La Historia De,2020-02-25,True,False,False,Positive,100,10,6.99,6.99,0.0,True
899760,Her Â•π,2018-10-16,True,False,False,Positive,85,48,3.99,3.99,0.0,True
585860,Bunker 58,2017-06-07,True,False,False,Negative,4,22,1.99,1.99,0.0,True
1180190,Call of VII,2020-02-04,True,False,False,Positive,90,11,0.99,0.99,0.0,True
1130590,Aleesha's Tower,2019-09-03,True,False,False,Mostly Positive,72,25,0.38,2.99,87.0,True
1214280,Walking Simulator,2020-03-05,True,False,False,Very Positive,87,8777,0.0,0.0,0.0,True
1735930,SICK,2022-04-30,True,True,True,Mostly Negative,28,21,9.99,9.99,0.0,True
270070,The Girl and the Robot,2016-08-17,True,True,True,Mixed,68,48,9.99,9.99,0.0,True
1273010,ASTRALODE Freeminers,2020-06-23,True,False,False,Positive,81,11,0.0,0.0,0.0,True
1263070,Blightbound,2021-07-27,True,False,False,Mixed,64,928,9.99,19.99,50.0,True
932670,Professor Watts Memory Match: Expressions,2018-09-12,True,False,False,Mixed,61,13,4.99,4.99,0.0,True
1591050,Help me please,2022-01-09,True,False,False,Positive,93,15,9.99,9.99,0.0,True
1696090,HYPERBALL TACHYON,2021-11-19,True,False,False,Positive,100,11,7.99,7.99,0.0,True
2399310,Lhama Clicker Prologue,2023-06-05,True,False,False,Positive,90,40,0.0,0.0,0.0,True
1503670,[Chilla's Art] The Caregiver | ÁµÇÁÑâ‰ªãË≠∑,2021-04-02,True,False,False,Very Positive,83,265,4.99,4.99,0.0,True
780280,Summer Funland,2018-02-01,True,False,False,Very Positive,86,279,19.99,19.99,0.0,True
1179580,KAKU: Ancient Seal,2023-05-03,True,False,False,Very Positive,80,261,21.24,24.99,15.0,True
1055580,Rivals of Aether: Panda Etalus,2019-07-01,True,False,False,Positive,90,10,1.99,3.99,50.0,True
1270380,Crystal Raiders VR,2021-12-10,True,False,False,Mostly Positive,72,18,14.99,14.99,0.0,True
503140,Dungeon Punks,2016-08-24,True,False,False,Positive,90,11,14.99,14.99,0.0,True
613880,Zoo Tycoon: Ultimate Animal Collection,2018-09-14,True,False,False,Mixed,62,1286,19.99,19.99,0.0,True
1978790,Naxos,2022-05-09,True,False,False,Positive,90,20,4.99,4.99,0.0,True
1002930,War of Tanks: Blitzkrieg,2019-08-13,True,False,False,Mixed,57,157,0.0,0.0,0.0,True
1096980,Timothy and the Mysterious Forest,2019-09-25,True,False,False,Mixed,66,12,9.99,9.99,0.0,True
2338220,Irradiant,2023-03-31,True,False,False,Positive,86,15,0.0,0.0,0.0,True
1001784,DX-Ball 2: 20th Anniversary Edition - Season Pass,2018-12-24,True,False,False,Mixed,53,15,9.99,9.99,0.0,True
466390,Ori and the Blind Forest (Additional Soundtrack),2016-04-27,False,False,False,Very Positive,96,251,0.0,0.0,0.0,True
2139269,Call of Duty League‚Ñ¢ - OpTic Texas Pack 2023,2022-11-29,True,False,False,Mostly Positive,78,46,9.99,9.99,0.0,True
847360,Super Lucky's Tale,2020-08-21,True,False,False,Very Positive,85,380,9.89,29.99,67.0,True
229752,RPG Maker VX Ace - Modern Day Tiles Resource Pack,2013-06-03,True,False,False,Positive,88,17,2.44,6.99,65.0,True
1572180,Lionfish Reef Patrol,2021-04-02,True,False,False,Mostly Positive,72,22,0.0,0.0,0.0,True
1627520,2236 A.D. Secretary Stories,2021-07-23,True,True,False,Mostly Positive,74,43,0.0,0.0,0.0,True
562360,Planes Bullets and Vodka,2016-08-10,True,False,False,Very Positive,84,1374,0.99,0.99,0.0,True
275810,7 Wonders of the Ancient World,2014-02-18,True,False,False,Very Positive,82,51,6.99,6.99,0.0,True
1499660,Cute animal jigsaw puzzle,2021-03-05,True,False,False,Positive,96,25,1.99,1.99,0.0,True
1306990,Wanderlust: Bangkok Prelude,2020-05-28,True,True,True,Positive,100,18,0.0,0.0,0.0,True
2150870,‰Ω†ÂÜúÂì¶ÂÜú-Need Know What Know,2023-02-04,True,False,False,Very Positive,96,54,4.99,4.99,0.0,True
322210,Guns Gore & Cannoli,2015-04-30,True,True,False,Very Positive,92,2524,3.99,9.99,60.0,True
1625340,United Assault - Battle of the Bulge,2022-08-18,True,False,False,Mixed,60,25,14.99,14.99,0.0,True
1819860,Thalamus,2022-04-29,True,False,False,Mostly Positive,71,14,6.99,6.99,0.0,True
1794960,Sonic Origins,2022-06-22,True,False,False,Mixed,66,2228,29.99,29.99,0.0,True
1466060,Tainted Grail: The Fall of Avalon,2023-03-30,True,False,False,Mostly Positive,78,976,29.99,29.99,0.0,True
7600,Sid Meier's Railroads!,2007-05-04,True,True,False,Mostly Positive,70,2027,2.49,9.99,75.0,True
294560,X-Plane 10 Global - 64 Bit - Europe Scenery,2014-07-14,True,True,True,Mostly Positive,78,19,0.0,0.0,0.0,True
1727220,Summoner's Mess,2021-10-29,True,False,True,Very Positive,96,59,2.99,2.99,0.0,True
522740,Oh My Godheads,2017-12-05,True,False,False,Mixed,41,17,14.99,14.99,0.0,True
1013830,Agent Of Love - Josei Otome Visual Novel,2019-07-25,True,True,False,Mixed,59,32,0.0,0.0,0.0,True
2104860,Surprise Cat,2023-05-19,True,False,False,Positive,100,10,1.99,1.99,0.0,True
1194470,Overdungeon - Mr.Almighty (Card Pack),2019-11-26,True,True,False,Positive,92,14,1.99,1.99,0.0,True
827420,Coin Pusher,2019-02-13,True,False,False,Mixed,60,38,0.28,0.99,71.0,True
1919910,Aoihana,2022-04-05,True,False,False,Positive,100,10,5.99,19.99,70.0,True
317070,Farming World - Jam Factory,2014-09-09,True,False,False,Mostly Positive,70,10,0.0,0.0,0.0,True
522690,In Fear I Trust,2016-09-22,True,False,False,Mixed,43,30,3.99,3.99,0.0,True
1355640,SYNTHSPACE,2021-02-27,True,False,False,Positive,92,27,29.99,29.99,0.0,True
1220140,Cartel Tycoon,2022-07-26,True,False,False,Mostly Positive,77,2056,29.99,29.99,0.0,True
453360,Far Cry¬Æ Primal - Wenja Pack,2016-03-23,True,False,False,Mixed,60,254,6.99,6.99,0.0,True
1249260,Birth ME Code,2020-04-22,True,False,False,Very Positive,82,74,19.99,19.99,0.0,True
437700,Tom Clancy's The Division‚Ñ¢ - Season Pass,2016-03-07,True,False,False,Mixed,56,805,19.99,19.99,0.0,True
1330660,Train Life: A Railway Simulator,2022-08-25,True,False,False,Mostly Positive,74,1010,19.99,19.99,0.0,True
823500,BONEWORKS,2019-12-10,True,False,False,Very Positive,92,31931,30.0,0.0,0.0,True
1677171,MY HERO ONE'S JUSTICE 2 DLC Pack 6 Hitoshi Shinso,2021-08-18,True,False,False,Mostly Positive,78,14,3.99,3.99,0.0,True
1170640,When The Past Was Around - Prologue,2019-11-04,True,True,False,Very Positive,94,619,0.0,0.0,0.0,True
1415692,American Truck Simulator - Wyoming,2021-09-07,True,True,True,Very Positive,90,411,12.0,0.0,0.0,True
750520,Arcade Tycoon ‚Ñ¢ : Simulation,2021-10-14,True,False,False,Very Positive,81,291,9.99,9.99,0.0,True
1398570,Last Escape,2020-09-04,True,False,False,Mixed,66,27,0.49,4.99,90.0,True
227020,Rise of Venice,2013-09-27,True,False,False,Mixed,61,302,5.99,19.99,70.0,True
1294040,Best Friend,2020-05-05,True,False,False,Mixed,56,23,4.99,4.99,0.0,True
1548940,RUN: The world in-between,2022-04-14,True,False,False,Very Positive,97,94,9.99,9.99,0.0,True
2139440,The Wall Mustn't Fall,2023-01-09,True,False,False,Positive,96,25,2.99,2.99,0.0,True
995651,Warhammer 40000: Inquisitor - Martyr - Corrosive Footprints,2019-01-04,True,False,False,Mostly Negative,33,15,1.99,1.99,0.0,True
205830,Luxor Evolved,2012-03-01,True,False,False,Very Positive,98,134,9.99,9.99,0.0,True
981310,Ishmael,2018-12-10,True,False,False,Mixed,53,76,0.0,0.0,0.0,True
933660,In Memory,2018-10-11,True,False,False,Positive,84,19,0.0,0.0,0.0,True
207020,Bang Bang Racing,2012-06-08,True,False,False,Very Positive,85,307,1.99,9.99,80.0,True
514660,BitMaster,2016-10-12,True,True,True,Mixed,62,70,2.99,2.99,0.0,True
1053730,Foxyland 2,2019-04-16,True,False,False,Mixed,62,16,5.99,5.99,0.0,True
1998964,Train Sim World¬Æ 3: Southeastern Highspeed: London St Pancras ‚Äì Ashford Intl & Faversham Route Add-On,2022-09-06,True,False,False,Positive,100,19,39.99,39.99,0.0,True
1062200,Â§ßÊó∂‰ª£Ôºö‰∏âÂõΩÁ´ãÂøó,2019-05-15,True,False,False,Mostly Negative,33,21,19.99,19.99,0.0,True
872730,Test your knowledge: Cities,2018-06-14,True,False,False,Positive,81,22,3.99,3.99,0.0,True
820200,Train Simulator: Rhine Valley: Freiburg - Basel Route Add-On,2018-11-15,True,False,False,Mixed,62,29,39.99,39.99,0.0,True
1667320,PRODUCER 2021,2022-11-14,True,False,False,Very Positive,100,87,9.99,9.99,0.0,True
880730,Rocket Assault: Black City,2021-02-18,True,False,False,Very Positive,95,186,9.99,9.99,0.0,True
1959350,Homebody,2023-06-01,True,False,False,Very Positive,97,98,19.99,19.99,0.0,True
1835740,THE KING OF FIGHTERS XV - DLC Costume 'GAROU: MotW TERRY',2022-02-16,True,False,False,Positive,100,26,4.99,4.99,0.0,True
1525060,UNPLUGGED,2021-06-09,True,True,False,Positive,100,11,9.99,9.99,0.0,True
1479340,Derelict Void,2021-03-18,True,False,True,Mixed,55,34,9.99,9.99,0.0,True
733790,Not Tonight,2018-08-17,True,False,False,Very Positive,87,1520,19.99,19.99,0.0,True
301140,Rebuild 3: Gangs of Deadsville - Deluxe Add-on,2014-05-16,True,True,False,Positive,100,14,9.99,9.99,0.0,True
303790,Faery - Legends of Avalon,2014-06-16,True,False,False,Mostly Positive,72,631,6.99,6.99,0.0,True
277754,The Game of Gnomes,2014-12-11,True,False,False,Positive,89,28,6.99,6.99,0.0,True
726020,Mission Ammunition,2017-10-27,True,True,True,Mostly Positive,79,87,4.99,4.99,0.0,True
359670,Vagrant Hearts 2,2015-05-20,True,False,False,Mixed,50,24,0.49,4.99,90.0,True
1049850,UFO2: Extraterrestrials,2021-06-15,True,False,False,Mixed,62,118,34.99,34.99,0.0,True
1258154,RTK14: 'Legend of the Galactic Heroes' Collab Scenario 'In the Midst of an Endless Dream' & Reinhard & Yang Officer Data Set,2020-08-26,True,False,False,Mixed,50,12,0.0,0.0,0.0,True
1841020,Journey to the Heart of Gaia,2022-01-12,True,False,False,Positive,100,10,9.99,9.99,0.0,True
1356580,Guild of Darksteel,2021-07-15,True,False,False,Positive,91,12,12.99,12.99,0.0,True
670280,In Dungeon,2018-05-21,True,False,True,Positive,80,10,0.99,0.99,0.0,True
292410,Street Racing Syndicate,2014-04-24,True,False,False,Very Positive,85,2097,2.99,2.99,0.0,True
1010890,Touhou Fantasia / ‰∏úÊñπÊ¢¶ÊÉ≥Êõ≤,2019-07-19,True,False,False,Overwhelmingly Positive,95,1405,0.0,0.0,0.0,True
1040730,ZUSI 3 - Aerosoft Edition,2019-06-18,True,False,False,Very Positive,88,218,69.99,69.99,0.0,True
1590712,Insurgency: Sandstorm - True Grit Weapon Skin Set,2021-05-18,True,False,False,Mostly Positive,75,33,2.99,2.99,0.0,True
575840,NeverEnd,2017-02-16,True,True,True,Mixed,65,20,1.99,1.99,0.0,True
1714320,Find Love or Die Trying,2021-09-16,True,True,True,Overwhelmingly Positive,96,8149,0.0,0.0,0.0,True
811880,Close Combat: The Bloody First,2019-10-03,True,False,False,Mixed,50,354,39.99,39.99,0.0,True
1600320,Brisk Square Demo,2021-06-04,True,False,False,Very Positive,83,77,0.0,0.0,0.0,True
200189,Worms Revolution: Funfair DLC,2012-10-24,True,False,False,Mostly Positive,70,10,0.99,4.99,80.0,True
2027370,Ball Torture,2022-06-30,True,False,False,Positive,84,13,0.39,3.99,90.0,True
583632,RTK13WPK - Official added events ‚ë¢  'The Battle of the Poem' 'The Flight of Lu Lingqi' ËøΩÂä†ÁâπÂÖ∏„Ç™„É™„Ç∏„Éä„É´„Ç§„Éô„É≥„Éà‚ë¢„ÄåË©©Ê≠å„ÅÆÊà¶„ÅÑ„Äç„ÄåÂëÇÁé≤Á∂∫„ÄÅÈ£õÁøî„Äç,2017-03-01,True,False,False,Mixed,53,13,0.0,0.0,0.0,True
2120320,Wayhaven Chronicles: Book Three,2023-04-06,True,True,True,Very Positive,83,77,11.99,11.99,0.0,True
1181600,Jetboard Joust,2020-10-23,True,True,True,Positive,82,35,2.49,9.99,75.0,True
1851220,Gunvolt Chronicles: Luminous Avenger iX 2 - Special DLC boss 'Kohaku Otori' from 'COGEN: Sword of Rewind',2022-02-10,True,False,False,Mixed,50,16,7.99,7.99,0.0,True
425600,The Order of the Thorne - The King's Challenge,2016-01-26,True,False,True,Very Positive,85,88,9.99,9.99,0.0,True
839770,Phoenix Point,2020-12-03,True,True,False,Mostly Positive,72,3765,24.99,24.99,0.0,True
1735230,Stones Keeper: Prologue,2021-09-17,True,False,False,Mixed,66,30,0.0,0.0,0.0,True
509610,Beachhead 2000,2017-05-01,True,False,False,Mostly Negative,31,44,1.49,2.99,50.0,True
1906130,Yum Collector,2022-03-02,True,False,False,Positive,92,14,1.09,10.99,90.0,True
1110050,Evan's Remains,2020-06-11,True,True,False,Very Positive,90,610,6.99,6.99,0.0,True
1101800,10mg: Always Down,2020-10-16,True,False,False,Positive,96,26,0.99,0.99,0.0,True
938560,INMOST,2020-08-21,True,True,False,Very Positive,91,3228,14.99,14.99,0.0,True
325989,Train Simulator: LMS Coronation Class 'Duchess of Hamilton' Loco Add-On,2015-11-19,True,False,False,Mixed,64,17,19.99,19.99,0.0,True
1274840,Escape from GULAG,2020-07-21,True,False,False,Positive,85,49,1.99,1.99,0.0,True
1654200,Propulsion,2021-07-15,True,False,False,Positive,95,24,4.99,4.99,0.0,True
361060,DLC'The Rainy Port Keelung - Radio Drama'(Only audio no subtitles),2015-04-06,True,False,False,Positive,82,17,8.99,8.99,0.0,True
1503430,Groov,2021-01-29,True,True,True,Positive,100,10,2.99,2.99,0.0,True
1183670,Angry Zombies,2020-02-27,True,False,False,Positive,87,24,0.99,0.99,0.0,True
1395120,At Eve's Wake,2021-10-26,True,False,False,Positive,94,18,24.99,24.99,0.0,True
1349960,[Chilla's Art] The Ghost Train | ÂπΩÈúäÂàóËªä,2020-07-23,True,False,False,Very Positive,82,350,2.99,2.99,0.0,True
1744380,Richard West and the Golden Mask,2021-12-15,True,False,False,Positive,93,16,3.99,3.99,0.0,True
708820,Baby Hands,2018-07-26,True,False,False,Mostly Positive,78,50,19.99,19.99,0.0,True
1560440,Capcom Arcade Stadium: Invincibility,2021-05-24,True,False,False,Mostly Positive,73,15,0.99,0.99,0.0,True
230892,Awesomenauts - Teddy Ayla Skin,2013-06-13,True,True,True,Positive,100,16,2.49,2.49,0.0,True
1530310,Dyson Sphere Program - Digital Art Book,2021-04-20,True,False,False,Very Positive,96,61,9.99,9.99,0.0,True
2001090,Lay a Beauty to Rest: A Butterfly Dream,2022-07-22,True,False,False,Very Positive,96,190,2.59,3.99,35.0,True
329980,ASA: A Space Adventure - Remastered Edition,2015-03-04,True,False,False,Mixed,56,37,1.49,9.99,85.0,True
642250,Ragnarok - ARK Expansion Map,2017-06-12,True,True,True,Mostly Positive,79,10768,0.0,0.0,0.0,True
917850,Elemental War - A Tower Defense Game,2019-07-19,True,True,True,Mixed,69,23,14.99,14.99,0.0,True
892400,Hiveswap Friendsim - Volume Seven,2018-07-06,True,True,True,Positive,100,21,0.0,0.0,0.0,True
2214826,Atomic Heart - Digital Artbook,2023-02-20,True,False,False,Positive,81,48,6.99,6.99,0.0,True
1478350,Game Dev Masters,2022-06-03,True,False,False,Very Positive,84,88,14.99,14.99,0.0,True
2304940,Dinodon,2023-04-10,True,False,False,Mixed,50,10,59.0,59.0,0.0,True
341640,Relativity Wars - A Science Space RTS,2015-04-10,True,True,False,Mixed,46,13,5.99,5.99,0.0,True
1433420,Hero by Chance,2021-01-08,True,False,False,Very Positive,80,943,1.99,1.99,0.0,True
1174450,The Bad The Worse & Djanky,2021-07-07,True,False,False,Positive,90,10,0.0,0.0,0.0,True
1432680,Mechanic 8230: Escape from Ilgrot,2022-04-13,True,False,True,Positive,84,46,6.49,12.99,50.0,True
1145290,Out There: Oceans of Time,2022-05-26,True,False,False,Mixed,54,170,24.99,24.99,0.0,True
457450,Defend Your Crypt,2016-07-21,True,True,False,Mostly Positive,78,28,2.99,2.99,0.0,True
2066420,ËøôÈáåÊúâÂ¶ñ,2022-07-28,True,False,False,Mixed,64,14,2.99,2.99,0.0,True
1663990,The Dragon and the Djinn,2022-07-28,True,True,True,Mostly Positive,75,12,8.99,8.99,0.0,True
600190,Ski Jump VR,2017-06-08,True,False,False,Mixed,62,16,4.99,4.99,0.0,True
1495710,Cyberpunk 2077 Bonus Content,2020-12-09,True,False,False,Very Positive,82,680,0.0,0.0,0.0,True
535930,Two Point Hospital,2018-08-29,True,True,True,Very Positive,92,22730,29.99,29.99,0.0,True
1700800,Break Bounds: Exile Ë∂äÁïåÔºöÊµÅÊîæËÄÖ,2021-10-01,True,False,False,Mostly Positive,78,14,9.99,9.99,0.0,True
319740,There Came an Echo,2015-02-24,True,False,False,Mostly Positive,71,237,14.99,14.99,0.0,True
785060,ENDLESS‚Ñ¢ Space 2 - Endless Day Update,2018-01-24,True,True,False,Mostly Positive,71,42,0.0,0.0,0.0,True
540650,Dawn of Warriors,2016-10-19,True,False,False,Mixed,47,17,4.99,4.99,0.0,True
438560,Mystery Case Files¬Æ: Escape from Ravenhearst‚Ñ¢,2016-02-03,True,False,False,Mixed,54,50,9.99,9.99,0.0,True
1450300,Battleships: Command of the Sea,2022-04-20,True,False,False,Mostly Positive,75,20,0.49,4.99,90.0,True
1570340,Dawn of the Falkonir,2021-05-05,True,False,False,Mixed,55,29,0.0,0.0,0.0,True
517010,Aztecalypse,2016-11-11,True,False,False,Mixed,42,21,0.99,0.99,0.0,True
503070,Off the Record: The Italian Affair Collector's Edition,2016-08-04,True,False,False,Positive,90,10,4.99,9.99,50.0,True
580820,Robot Soccer Challenge,2019-02-18,True,False,False,Mixed,68,51,3.74,14.99,75.0,True
1413450,Wreckfest - Season Pass 2,2020-09-15,True,False,False,Very Positive,88,54,12.99,12.99,0.0,True
2343720,Spooky Shelter,2023-03-20,True,False,False,Mostly Positive,76,13,0.99,0.99,0.0,True
17390,SPORE‚Ñ¢,2008-12-19,True,False,False,Very Positive,92,48900,20.0,0.0,0.0,True
2216750,Clay Soldiers,2023-02-10,True,True,True,Mixed,60,10,0.0,0.0,0.0,True
460430,The Letter - Horror Visual Novel,2017-07-24,True,True,True,Very Positive,88,1086,19.99,19.99,0.0,True
494780,MageWorks,2019-03-28,True,False,False,Mixed,53,13,4.99,4.99,0.0,True
2162750,Draco,2022-10-11,True,True,False,Mixed,66,12,0.0,0.0,0.0,True
1367690,Tony Stewart's All-American Racing,2020-09-04,True,False,False,Very Positive,83,141,29.99,29.99,0.0,True
723390,Hunt Down The Freeman,2018-02-23,True,False,False,Mixed,46,2565,9.99,9.99,0.0,True
1813050,Andy's Apple Farm 'Christmas Special',2021-12-10,True,False,False,Very Positive,94,67,0.0,0.0,0.0,True
504770,Slavistan,2016-07-29,True,False,False,Very Positive,90,589,1.99,1.99,0.0,True
1913870,Tray Racers!,2023-04-13,True,False,False,Positive,88,25,0.0,0.0,0.0,True
1154040,SpellForce 3: Fallen God,2020-11-03,True,False,False,Very Positive,88,1041,19.99,19.99,0.0,True
1435670,Song of Farca,2021-07-21,True,True,True,Very Positive,83,586,19.99,19.99,0.0,True
568610,VERSUS: The Elite Trials,2016-12-16,True,True,True,Positive,87,32,4.99,4.99,0.0,True
1010540,Ancient Anathema,2019-01-28,True,False,False,Mixed,57,19,4.99,4.99,0.0,True
1543760,Steep Slopes,2021-02-26,True,False,False,Positive,89,38,0.0,0.0,0.0,True
831100,Brother Perro,2018-04-26,True,False,False,Mostly Positive,70,40,0.0,0.0,0.0,True
556470,Tom Clancy‚Äôs The Division‚Ñ¢ - Survival,2016-11-22,True,False,False,Very Positive,81,417,9.99,9.99,0.0,True
1295920,The Mortuary Assistant,2022-08-02,True,False,False,Very Positive,92,4121,25.0,0.0,0.0,True
663290,Dead by Death,2018-07-18,True,False,False,Mostly Negative,20,15,2.99,2.99,0.0,True
1112240,Wonder Boy Returns Remix,2019-08-08,True,False,False,Mostly Positive,73,78,5.19,12.99,60.0,True
1201360,Assetto Corsa Competizione - Intercontinental GT Pack,2020-02-04,True,False,False,Very Positive,97,314,5.99,14.99,60.0,True
2163850,DRAGON BALL Z: KAKAROT - BARDOCK - Alone Against Fate,2023-01-12,True,False,False,Mostly Positive,72,140,19.99,19.99,0.0,True
415860,Tactical Craft Online,2016-02-12,True,False,False,Mixed,48,1156,0.0,0.0,0.0,True
1709450,Grim Tales: The Heir Collector's Edition,2021-07-30,True,False,False,Positive,90,10,9.99,9.99,0.0,True
906790,Gaia,2020-04-03,True,False,False,Mixed,59,77,19.99,19.99,0.0,True
777140,MEGAMiX,2018-10-05,True,False,False,Mixed,47,17,0.0,0.0,0.0,True
907510,GameGuru - Enhanced Weapons Pack,2018-07-25,True,False,False,Mostly Positive,77,27,29.99,29.99,0.0,True
108230,Ticket to Ride - Europe,2012-05-24,True,True,False,Positive,82,28,3.99,3.99,0.0,True
1560940,Puzzle & Chess,2021-04-09,True,False,False,Mixed,61,13,1.99,1.99,0.0,True
488920,Knockout League - Arcade VR Boxing,2018-02-13,True,False,False,Mostly Positive,78,331,19.99,19.99,0.0,True
2396380,ÈªëÊöóÂ°î (The Dark Tower),2023-05-25,True,False,False,Positive,93,32,0.99,0.99,0.0,True
610693,Tabletop Simulator - The Red Dragon Inn: Battle For Greyport,2017-08-04,True,True,True,Positive,90,21,7.99,7.99,0.0,True
2168150,Teslagrad Remastered,2023-04-19,True,False,True,Positive,100,22,5.99,9.99,40.0,True
1530230,Restless Night,2021-06-16,True,False,False,Positive,90,10,10.99,10.99,0.0,True
2206700,King Smash,2022-11-19,True,False,False,Positive,100,12,7.49,29.99,75.0,True
2001380,Entity Researchers: Prologue,2022-08-19,True,False,True,Very Positive,90,82,0.0,0.0,0.0,True
1245620,ELDEN RING,2022-02-24,True,False,False,Very Positive,92,528702,60.0,0.0,0.0,True
362600,DRAGON BALL XENOVERSE MOVIE DLC COSTUME PACK,2015-05-05,True,False,False,Positive,100,10,0.0,0.0,0.0,True
1397290,Comet 64,2021-02-05,True,True,True,Mostly Positive,75,137,14.99,14.99,0.0,True
2015160,POSTAL: Brain Damaged Art Book,2022-06-09,True,False,False,Positive,100,12,4.99,4.99,0.0,True
560150,PLANNES,2016-12-08,True,False,False,Positive,80,26,14.99,14.99,0.0,True
1994720,Escape From Meat City,2022-09-07,True,False,False,Positive,93,15,6.99,6.99,0.0,True
412660,Klang,2016-09-22,True,False,False,Mixed,69,102,9.99,9.99,0.0,True
1090390,House of 1000 Doors: Serpent Flame,2019-05-23,True,True,False,Very Positive,84,51,6.99,6.99,0.0,True
533340,Captivity,2016-10-19,True,False,False,Mixed,42,59,0.99,0.99,0.0,True
575290,Sniper Ghost Warrior 3 - All-terrain vehicle,2017-04-17,True,False,False,Mostly Positive,74,66,0.99,0.99,0.0,True
1733500,Looking for Aliens,2021-12-08,True,False,False,Very Positive,98,84,12.99,12.99,0.0,True
262260,Jets'n'Guns Gold,2014-02-05,True,False,True,Very Positive,88,1131,7.99,7.99,0.0,True
506280,My Lil' Donut,2016-08-31,True,False,False,Positive,87,39,0.0,0.0,0.0,True
206521,Spiral Knights: Operation Crimson Hammer,2012-02-29,True,True,False,Very Positive,88,50,5.99,5.99,0.0,True
1310990,Bishojo Mangekyo Kotowari to Meikyu no Shojo,2021-06-20,True,False,False,Overwhelmingly Positive,96,2236,29.99,29.99,0.0,True
1771730,The City Must Grow,2021-12-08,True,True,True,Very Positive,85,55,4.99,4.99,0.0,True
466910,Worm.is: The Game,2016-05-04,True,True,False,Very Positive,80,4511,0.0,0.0,0.0,True
1321120,Êú´Ë∑ØË∞ÉËâ≤Êùø,2020-10-14,True,False,False,Very Positive,98,54,3.99,3.99,0.0,True
269370,Reaper - Tale of a Pale Swordsman,2014-02-07,True,True,True,Mostly Positive,76,262,5.99,5.99,0.0,True
832720,Dungeon Brewmaster,2018-05-23,True,False,False,Mixed,64,74,9.99,9.99,0.0,True
605800,Skelattack,2020-06-02,True,False,False,Mixed,63,69,19.99,19.99,0.0,True
1906180,Memory Traces: Japan,2022-08-10,True,False,False,Very Positive,92,55,1.99,1.99,0.0,True
1601860,Warp Factory,2021-06-10,True,True,True,Positive,95,40,9.99,9.99,0.0,True
1250740,Tourist Bus Simulator - W906,2020-04-08,True,False,False,Positive,87,16,7.99,7.99,0.0,True
1866620,Death's Gambit: Afterlife - Ashes of Vados,2022-02-10,True,False,False,Positive,80,21,7.99,7.99,0.0,True
359440,Artifact Adventure,2015-06-01,True,False,False,Mostly Positive,73,142,6.99,6.99,0.0,True
1183240,Image Compressor,2019-11-08,True,False,False,Mostly Positive,73,19,1.99,1.99,0.0,True
460640,Breached,2016-06-22,True,True,True,Mixed,48,86,6.99,6.99,0.0,True
529760,TAIKU MANSION,2017-02-13,True,False,False,Mostly Negative,30,26,0.99,0.99,0.0,True
1625830,Brendan Keogh's Putting Challenge,2022-02-24,True,False,False,Positive,95,24,2.99,2.99,0.0,True
621500,TrueScale,2017-10-26,True,False,False,Mostly Negative,38,36,19.99,19.99,0.0,True
1569170,A Way Back,2022-04-29,True,False,False,Positive,100,11,0.99,0.99,0.0,True
1209410,King of Seas,2021-05-25,True,False,False,Mixed,57,484,24.99,24.99,0.0,True
501560,Sudden Strike 4 - Battle of Kursk,2017-08-11,True,True,True,Mostly Negative,31,47,1.99,1.99,0.0,True
329110,Gems of War - Puzzle RPG,2014-11-20,True,False,False,Very Positive,80,9014,0.0,0.0,0.0,True
1631500,Dumpy and Bumpy,2021-05-27,True,False,False,Positive,100,24,4.99,4.99,0.0,True
2096470,ÂÖú‰ªô,2022-12-13,True,False,False,Mostly Negative,27,248,0.0,0.0,0.0,True
1668670,snowboarding,2021-08-04,True,False,False,Mostly Positive,79,29,0.0,0.0,0.0,True
1364224,Evil Genius 2: Cabal Pack,2021-04-29,True,False,False,Mixed,50,86,4.99,4.99,0.0,True
411390,Getsuei Gakuen -kou-,2015-11-03,True,False,False,Positive,83,24,24.99,24.99,0.0,True
1055540,A Short Hike,2019-07-30,True,True,True,Overwhelmingly Positive,99,10534,7.99,7.99,0.0,True
701970,Sliding Blocks,2017-09-11,True,False,False,Positive,92,13,2.99,2.99,0.0,True
1876000,IFO,2022-05-19,True,True,False,Very Positive,83,56,3.99,3.99,0.0,True
654900,qop,2017-07-13,True,False,False,Very Positive,91,854,1.99,1.99,0.0,True
2253470,Capoo Pals,2023-03-31,True,False,False,Very Positive,86,245,9.99,9.99,0.0,True
1610500,Bibots,2022-10-05,True,False,False,Mixed,54,46,12.99,12.99,0.0,True
846670,Saint Slaughter X Days,2018-07-30,True,False,False,Very Positive,91,118,2.99,2.99,0.0,True
2288080,Maumau and the Labyrinth,2023-09-29,True,False,False,Positive,84,13,14.0,0.0,0.0,True
338540,Navy Field 2 : Conqueror of the Ocean,2015-03-05,True,False,False,Mixed,44,1378,0.0,0.0,0.0,True
719110,Imperil,2017-11-01,True,True,False,Positive,93,16,0.0,0.0,0.0,True
1020880,Bladed Fury Original Soundtrack,2019-02-19,True,False,False,Positive,90,10,0.0,0.0,0.0,True
620130,Chaos Town,2017-05-29,True,False,False,Positive,90,20,0.49,4.99,90.0,True
1221790,Coloring Game 2 - Deluxe Edition,2020-03-17,True,False,False,Positive,96,25,9.99,9.99,0.0,True
1643660,Silent dream,2021-06-14,True,False,False,Mostly Positive,76,164,0.0,0.0,0.0,True
466780,Prehistoric Tales,2016-05-26,True,False,False,Mostly Positive,75,53,2.99,2.99,0.0,True
409390,Marble Mountain,2016-04-04,True,True,True,Mixed,69,43,4.99,4.99,0.0,True
1843860,The Redress of Mira,2022-07-07,True,False,False,Mostly Positive,78,19,9.99,9.99,0.0,True
322680,BLACKHOLE,2015-02-27,True,True,True,Very Positive,87,551,8.99,8.99,0.0,True
425160,Recursion Deluxe,2016-02-12,True,True,True,Positive,83,31,4.99,4.99,0.0,True
1276430,MEGALAN 11,2020-05-17,True,False,False,Mixed,62,16,7.99,7.99,0.0,True
726910,Star Wars: Droid Repair Bay,2017-12-06,True,False,False,Very Positive,88,435,0.0,0.0,0.0,True
1177840,Makiomino,2022-04-19,True,True,True,Positive,100,10,0.0,0.0,0.0,True
649810,Windstorm: Start of a Great Friendship,2017-07-27,True,False,False,Mostly Positive,71,96,14.99,14.99,0.0,True
569000,Tom Clancy's The Division‚Ñ¢ - Parade Pack,2016-12-20,True,False,False,Positive,91,23,6.99,6.99,0.0,True
1272790,Touhou Blooming Chaos 2 - Soundtrack 1,2020-04-16,False,False,False,Positive,100,13,1.99,1.99,0.0,True
1441840,FALL IN LABYRINTH,2021-04-16,True,False,False,Very Positive,94,677,19.99,19.99,0.0,True
432330,Rytmik Lite Chiptune Synthesizer,2016-01-26,True,True,False,Mostly Positive,70,64,5.99,5.99,0.0,True
1131170,Wreckfest - Season Pass 1,2019-09-10,True,False,False,Very Positive,89,58,14.99,14.99,0.0,True
444440,Scapeland,2016-03-31,True,True,False,Mixed,50,28,3.99,3.99,0.0,True
1884800,Omitted,2022-07-29,True,False,False,Mixed,46,30,4.99,4.99,0.0,True
460630,Trouble Witches Origin - Episode1 Daughters of Amalgam -,2016-11-21,True,False,False,Very Positive,93,176,9.99,9.99,0.0,True
837900,Bitcoin Trader,2018-05-03,True,False,False,Mixed,48,47,1.99,1.99,0.0,True
967250,DOKA 2 KISHKI EDITION,2018-11-05,True,False,False,Very Positive,85,2880,0.99,0.99,0.0,True
450811,Mordheim: City of the Damned - Doomweaver,2016-04-14,True,False,False,Positive,81,16,1.99,1.99,0.0,True
433242,Khaaneph Fleet Pack,2016-04-26,True,True,False,Mostly Positive,78,41,6.99,6.99,0.0,True
1218830,Tropical Air Hockey,2020-02-14,True,False,False,Mixed,68,25,6.99,6.99,0.0,True
1714080,---Red---Tether-->,2022-01-18,True,False,True,Positive,100,37,11.04,12.99,15.0,True
208293,Train Simulator: LNER/BR Class J94 Loco Add-On,2012-11-15,True,False,False,Positive,88,17,7.99,7.99,0.0,True
1093900,Á•ûË∞ã,2019-07-01,True,False,False,Positive,81,16,1.99,1.99,0.0,True
731250,ExoTanks,2020-12-20,True,False,False,Mixed,69,179,0.0,0.0,0.0,True
1706920,Firekeep,2022-04-19,True,False,False,Positive,86,23,13.99,13.99,0.0,True
2221070,Zombies Rocket Boom Boom,2023-01-30,True,False,False,Positive,100,18,0.39,3.99,90.0,True
262080,Iron Soul,2014-02-26,True,False,False,Negative,12,25,4.99,4.99,0.0,True
320790,Fabula Mortis,2014-10-27,True,False,False,Mixed,47,42,7.99,7.99,0.0,True
1950770,Tales of Fire,2022-06-17,True,False,False,Positive,86,15,3.99,3.99,0.0,True
1086940,Baldur's Gate 3,2023-08-03,True,True,False,Overwhelmingly Positive,95,269840,60.0,0.0,0.0,True
276460,Tales From The Dragon Mountain 2: The Lair,2014-03-13,True,False,False,Mostly Negative,36,11,9.99,9.99,0.0,True
1465500,Hero Puzzle,2020-11-19,True,False,False,Mixed,54,75,1.99,1.99,0.0,True
262120,Toy Soldiers: Complete,2016-02-17,True,False,False,Mostly Positive,75,779,14.99,14.99,0.0,True
874700,The Putinland: Divide & Conquer,2018-07-03,True,False,False,Positive,80,10,0.49,1.99,75.0,True
411550,Island Tribe,2015-10-19,True,False,False,Mostly Positive,76,25,2.99,2.99,0.0,True
880870,Donut Arena,2022-03-17,True,False,False,Positive,100,13,2.99,2.99,0.0,True
760990,WeakWood Throne,2018-01-30,True,False,False,Mixed,68,44,4.99,4.99,0.0,True
919290,Nebula Realms,2022-06-22,True,False,False,Mixed,42,61,0.0,0.0,0.0,True
1058000,Rain's love memory-Èõ®ÁöÑÊÅãËÆ∞,2019-04-19,True,False,False,Overwhelmingly Positive,96,564,0.0,0.0,0.0,True
1410830,Curse That Magic Cat!,2021-01-06,True,False,False,Very Positive,92,257,0.0,0.0,0.0,True
727550,Illville: Return instructions. Act 1,2017-11-09,True,True,False,Mixed,57,21,3.99,3.99,0.0,True
765590,Co-op SNEK Online,2018-04-13,True,True,True,Positive,80,25,2.99,2.99,0.0,True
1174460,Poker Club,2020-11-20,True,False,False,Mixed,56,280,19.99,19.99,0.0,True
978780,STORY OF SEASONS: Friends of Mineral Town,2020-07-14,True,False,False,Very Positive,94,4047,39.99,39.99,0.0,True
1809730,babyquick : Adventure of the Moon Dragon,2021-12-02,True,False,False,Positive,90,10,4.99,4.99,0.0,True
257790,Riptide GP2,2014-03-07,True,False,False,Very Positive,90,351,6.99,6.99,0.0,True
1678860,TV Kid,2021-10-01,True,False,False,Very Positive,96,53,9.99,9.99,0.0,True
1818690,Grindstone,2022-06-20,True,False,False,Very Positive,93,103,19.99,19.99,0.0,True
1639610,Save Me Sakuya-san!,2021-06-02,True,False,False,Very Positive,97,466,2.99,2.99,0.0,True
822130,Flynn and Freckles,2018-09-07,True,False,False,Mostly Negative,20,10,9.99,9.99,0.0,True
2307370,Hot Heat Reset: Chapter 1,2023-03-02,True,False,False,Positive,89,39,0.0,0.0,0.0,True
1671200,Honkai Impact 3rd,2021-10-21,True,False,False,Mostly Positive,71,7962,0.0,0.0,0.0,True
2203490,My Land!,2023-01-04,True,False,False,Positive,83,12,0.39,3.99,90.0,True
1194160,One-Eyed Lee and the Dinner Party,2019-12-18,True,False,True,Positive,92,14,4.99,4.99,0.0,True
565860,Tomato Way,2016-12-07,True,False,False,Very Positive,81,336,1.83,3.99,54.0,True
2157250,Monsters 'til Midnight,2023-05-31,True,False,False,Mostly Positive,77,27,4.99,4.99,0.0,True
432950,Orange Moon,2017-09-27,True,False,False,Mixed,62,37,9.99,9.99,0.0,True
1028740,Herd is Coming,2019-06-10,True,False,False,Mixed,69,49,0.99,0.99,0.0,True
1547000,Grand Theft Auto: San Andreas ‚Äì The Definitive Edition,2023-01-19,True,False,False,Mixed,69,2366,60.0,0.0,0.0,True
1043350,1406,2019-03-21,True,False,False,Mixed,45,70,5.99,5.99,0.0,True
1558880,Zombie Army 4: Undercover Marie Outfit,2021-05-04,True,False,False,Positive,100,11,2.99,2.99,0.0,True
1549220,Storyblocks: The King,2022-01-24,True,False,False,Positive,88,17,1.99,1.99,0.0,True
505640,Antihero,2017-07-10,True,True,False,Very Positive,86,597,14.99,14.99,0.0,True
477950,Simple Spy,2016-07-05,True,True,False,Mostly Positive,78,14,1.99,1.99,0.0,True
1195480,DOOM Soundtrack,2020-02-11,False,False,False,Very Positive,81,124,9.99,9.99,0.0,True
1717040,The Rewinder Original Soundtrack,2021-09-09,False,False,False,Positive,97,47,3.99,3.99,0.0,True
265380,Grimind,2014-02-13,True,True,True,Mixed,63,65,9.99,9.99,0.0,True
938300,CuberPunk 2089,2018-09-28,True,False,False,Mostly Positive,79,172,1.94,12.99,85.0,True
1491000,War Robots: Frontiers,2022-11-24,True,False,False,Mostly Positive,76,150,14.99,14.99,0.0,True
1368820,RollerCoaster Tycoon¬Æ 3: Complete Edition,2020-09-24,True,True,False,Very Positive,85,1319,19.99,19.99,0.0,True
1674570,Hunt: Showdown - Bayou Wraith,2021-08-24,True,False,False,Very Positive,94,90,3.49,6.99,50.0,True
1825940,Monsters & Mortals - Yandere Simulator,2023-06-28,True,False,False,Positive,83,18,5.39,5.99,10.0,True
1579780,Brave Deeds of Rescue Team,2022-06-08,True,False,False,Positive,88,18,8.99,8.99,0.0,True
2446220,World of Tanks Blitz - Welcome Bundle,2023-05-25,True,True,False,Mixed,63,199,0.0,0.0,0.0,True
459080,YIIK: A Postmodern RPG,2019-01-17,True,True,False,Mixed,69,409,19.99,19.99,0.0,True
1018010,Castlevania Anniversary Collection,2019-05-16,True,False,False,Very Positive,80,947,19.99,19.99,0.0,True
726490,Projection: First Light,2020-09-29,True,False,False,Positive,81,16,19.99,19.99,0.0,True
1472192,DJMAX RESPECT V - Tok! Tok! Tok! Gear Pack,2020-12-09,True,False,False,Positive,96,31,9.99,9.99,0.0,True
408240,Slime Jumper,2016-04-07,True,True,True,Mostly Positive,75,12,4.99,4.99,0.0,True
227780,Serious Sam Classics: Revolution,2019-08-30,True,False,False,Very Positive,91,2608,9.99,9.99,0.0,True
1576550,Otaku Club,2021-03-29,True,False,False,Positive,80,10,7.49,24.99,70.0,True
957960,Inkulinati,2023-01-31,True,True,False,Very Positive,84,139,24.99,24.99,0.0,True
1531473,Cities: Skylines - Sunny Breeze Radio,2021-05-21,True,True,True,Positive,89,19,3.99,3.99,0.0,True
510500,Executive Assault 2,2018-10-18,True,True,False,Very Positive,84,922,24.99,24.99,0.0,True
1601840,House Builder: First Job,2021-07-15,True,False,False,Very Positive,84,357,0.0,0.0,0.0,True
1101720,Farming Simulator 19 - John Deere Cotton DLC,2019-07-23,True,True,False,Mostly Positive,77,66,4.99,4.99,0.0,True
954070,Beat Boxers,2018-10-23,True,False,False,Mixed,47,80,0.0,0.0,0.0,True
1049290,Warhammer 40000: Mechanicus - Heretek,2019-07-23,True,True,True,Mixed,68,133,9.99,9.99,0.0,True
1827250,Disciples: Liberation - Paths to Madness,2022-03-24,True,False,False,Mixed,65,26,14.99,14.99,0.0,True
1894990,I NEED A NAME,2022-02-24,True,True,True,Mostly Positive,70,10,3.99,3.99,0.0,True
1208260,Hentai Vs Furries,2020-01-10,True,False,False,Very Positive,90,1769,0.99,0.99,0.0,True
1518690,Nevermore: The Chamber Door,2022-06-14,True,False,False,Positive,89,37,7.99,7.99,0.0,True
1724540,Welcome to Goodland,2023-04-28,True,True,False,Positive,83,12,13.59,16.99,20.0,True
616040,Tales of the Tiny Planet,2017-08-03,True,True,False,Positive,92,14,9.99,9.99,0.0,True
1287310,Juiced!,2020-04-23,True,True,False,Positive,95,21,1.99,1.99,0.0,True
267960,Hyper Fighters,2014-01-23,True,False,False,Mostly Negative,25,32,0.74,2.99,75.0,True
